sku,old_title,new_title,shopify_id
"SG-DT-RV","LEAVING RECORDS - Dream Trio - BLACK VINYL","Sam Gendel - Dream Trio LP",""
"26BLITZ-SHIRT","#26BLITZ T-shirt","True Panther - #26BLITZ T-shirt","gid://shopify/Product/10310474006843"
"SWJM-PTCO-CJI","LEAVING RECORDS - Plant Music Vol.3 - The Golden Teachers - PLANT MUSIC TAPE BUNDLE","Sam Wilkes & Jacob Mann - Perform the Compositions of Sam Wilkes & Jacob Mann CD",""
"WSR-TLTB","Talk Low Tote Bag","Whited Sepulchre Records - Talk Low Tote Bag","gid://shopify/Product/10310477250875"
"SI-SR-LYST","Multi Colored Savage Tote Bag","Shilpa Ray - Multi Colored Savage Tote Bag","gid://shopify/Product/10310469255483"
"FDN-DN-WRCV","LEAVING RECORDS - Strawberry Season - PINK & BLACK VINYL","Fabiano do Nascimento - Das Nuvens LP",""
"CS-NIPOMO-4ZAM","Northern Spy Records - Nipomo - CASSETTE","Northern Spy Records - Nipomo Cassette",""
"LR-HWGW-GWC","LEAVING RECORDS - The Middle Sister - The Middle Sister 12"" Vinyl LP","LEAVING RECORDS - High Wolf - Growing Wild LP",""
"NT-NTSG","NNA Tapes Shirt (Green)","NNA Tapes - NNA Tapes Shirt (Green)","gid://shopify/Product/10310472007995"
"LR-D-12VL","LILA लीला - Deep Ground - Limited Edition CD.","LEAVING RECORDS - Dang Cassette",""
"FDN-DN-TCV","LEAVING RECORDS - Solstice Concert - BLACK VINYL","Fabiano do Nascimento - Das Nuvens LP",""
"LR-BODO-LE12","LEAVING RECORDS - Visions in Paraíso - LIMITED EDTION CASSETTE: VISIONS IN PARAÍSO","Carlos Niño - Bliss On Dear Oneness LP",""
"WSR-LEWT","Limited Edition WSR Tote Bag","Whited Sepulchre Records - Limited Edition WSR Tote Bag","gid://shopify/Product/10310477611323"
"CNO-GH-GHV","LEAVING RECORDS - I Hope You Are Well - Limited Edition Cassette","Carlos Niño - Going Home LP",""
"LR118-2","LEAVING RECORDS - Temporary Music - Temporary Music VINYL","Kiefer - Kickinit Alone LP",""
"LS-SS","LEAVING RECORDS - After The Town Was Swept Away - CASSETTE","Luke Schneider - STICKER SET",""
"SG-B-CDJE","LEAVING RECORDS - AE-30 - TEST PRESSING","Sam Gendel - blueblue LP",""
"CM-SW-CMSW","LEAVING RECORDS - Six Arrows for Naydra - CASSETTE","Cool Maritime - Shared Waves Cassette",""
"QO-SA-VB","LEAVING RECORDS - Red Moon - CASSETTE","Qoa - SAUCO LP",""
"ITP-PBNT-1","Painting By Numbers tee (bay blue)","In The Pines - Painting By Numbers tee (bay blue)","gid://shopify/Product/10310465552699"
"LS-SBZL","LEAVING RECORDS - The Doober - VINYL","Lord Spikeheart - Special offer: Zebra Long Sleeve + Zebra Hoodie",""
"LS-MPPT","LEAVING RECORDS - Music for Saxofone and Bass Guitar More - 12"" VINYL","Lord Spikeheart - TYVM Hoodie. Black",""
"S-SPBD","SUSS Poster by Darryl Norsen","SUSS - SUSS Poster by Darryl Norsen","gid://shopify/Product/10310471221563"
"WS0051R","Haekalu Black Long Sleeve","Lord Spikeheart - Haekalu Black Long Sleeve","gid://shopify/Product/10310466896187"
"ITP-PBNT","Painting By Numbers Tee (espresso)","In The Pines - Painting By Numbers Tee (espresso)","gid://shopify/Product/10310465585467"
"GB-E-DV","LEAVING RECORDS - Sam Wilkes, Craig Weinrib, and Dylan Day - VINYL","Guy Blakeslee - EXTRAVISION LP",""
"GH-MFLS-V","LEAVING RECORDS - And So It Is - VINYL","Green-House - Music for Living Spaces LP",""
"NS-158-SHIRT","T-Shirt (The New Black)","The Necks - T-Shirt (The New Black)","gid://shopify/Product/10310470402363"
"M-CT-C","LEAVING RECORDS - Human Voice - Human Voice 12"" VINYL LP","Matthewdavid - Care Tracts Cassette",""
"LS-TLSB","LEAVING RECORDS - The Doober - CASSETTE","Lord Spikeheart - TYVM Long Sleeve Black",""
"CP-LSEE-TP","LEAVING RECORDS - high functioning - CASSETTE","Cole Pulice - Land's End Eternal LP",""
"WS0050R","Lord Spikeheart Short Sleeve T-Shirt. Black","Lord Spikeheart - Lord Spikeheart Short Sleeve T-Shirt. Black","gid://shopify/Product/10310466928955"
"LR-VSBL","LEAVING RECORDS - Cyclist - Bones in Motion - Bones In Motion 2LP VINYL","LEAVING RECORDS - VINYL SHIRT BUNDLE (LONGSLEEVE)",""
"BAG-WSR-036","Tender Tote","Allison Lorenzen - Tender Tote","gid://shopify/Product/10310478627131"
"LR-AGMD","LEAVING RECORDS - Sisters Remix EP - 12"" Vinyl","LEAVING RECORDS - ALL GENRE MAGIC DOOR (ATLANTIC GREEN)",""
"LS-ZHB","LEAVING RECORDS - The Doober - TEST PRESSING","Lord Spikeheart - Zebra Hoodie. Black",""
"LS-SOTL","LEAVING RECORDS - Music for Saxofone and Bass Guitar More - CASSETTE","Lord Spikeheart - Special offer: TYVM Long Sleeve + TYVM Hoodie",""
"GH-AHFA-TOC","LEAVING RECORDS - Solar Editions - SOLAR EDITIONS CASSETTE","Green-House - A Host for All Kinds of Life LP",""
"AR-12V","LEAVING RECORDS - Entity Relation EP - VINYL","Ana Roxanne - ~~~ Cassette",""
"198704240478","LEAVING RECORDS - Pulse - TEST PRESSING VINYL","LEAVING RECORDS - Pulse LP",""
"SG-DT-BV","LEAVING RECORDS - Six Songs for Invisible Gardens - Limited Edition 12"" Green Vinyl LP","Sam Gendel - Dream Trio LP",""
"LS-H","hoodie","Lord Spikeheart - Default Title","gid://shopify/Product/10310466797883"
"S-ISNT","Immersion | SUSS Nanocluster t-shirt","SUSS - Immersion | SUSS Nanocluster t-shirt","gid://shopify/Product/10310471123259"
"LP-BW-030","Xol Meissner - Excess of Loss LP","Nicole McCabe - Color Theory LP","10076733571387"
"LR-LHB","LEAVING RECORDS - ALL GENRE BANDANA","LEAVING RECORDS - LR HAT (Black)",""
"S-BBMT","Birds & Beast  Monkey Tee","SUSS - Birds & Beast  Monkey Tee","gid://shopify/Product/10310471450939"
"SGSW-MFSA-C","LEAVING RECORDS - Gliamd EP - Gliamd EP Limited Edition Cassette","Sam Gendel & Sam Wilkes - Music for Saxofone and Bass Guitar More Songs LP",""
"SGSW-MFSA-V","LEAVING RECORDS - Bene's World - Bene's World LP","Sam Gendel & Sam Wilkes - Music for Saxofone and Bass Guitar More Songs LP",""
"LR-D-LCE","LEAVING RECORDS - The Living World's Demands - VINYL","LEAVING RECORDS - Dang Cassette",""
"LR-SLV-PSLV","LEAVING RECORDS - High Wolf - Growing Wild - Growing Wild 12"" LP","LEAVING RECORDS - Sweet La Vie Cassette",""
"BAG-WSR-TLT","Talk Low Tote","Whited Sepulchre Records - Talk Low Tote","gid://shopify/Product/10310477513019"
"NS-2022-SALE-OUT","SALE! experimental/out pack","Northern Spy Records - SALE! experimental/out pack","gid://shopify/Product/10310467420475"
"MAGICKIDS-CS","In The Pines - Sunbeam Dream - Sunbeam Dream Colored Vinyl","True Panther - Memphis LP",""
"TP-TPTP","True Panther Toilet Paper","True Panther - True Panther Toilet Paper","gid://shopify/Product/10310474465595"
"CD-NNA-117","Nothing","Tredici Bacci - Nothing","gid://shopify/Product/10310473777467"
"LR-AP-2WMP","LEAVING RECORDS - Heavy Earth - CASSETTE","LEAVING RECORDS - Ahnnu - Perception LP",""
"LP-NS-134","SUSS - Promise Black LP","SUSS - Promise CD","9996748980539"
"LR-HWGW-GW12","LEAVING RECORDS - LEAVING RECORDS LOGO TEE","LEAVING RECORDS - High Wolf - Growing Wild LP",""
"FH-E-C","LEAVING RECORDS - BUMPER STICKER","Francesca Heart - Eurybia Cassette",""
"CS-NS-029","Clandestine Cassette Series # Four CS","Northern Spy Records - Clandestine Cassette Series # Four","9947495268667"
"S-HGST","Heather Gray Sunbeam Tee","SUSS - Heather Gray Sunbeam Tee","gid://shopify/Product/10310471614779"
"LR-PIM-PIMC","LEAVING RECORDS - Wounded Healer / Galvanometer - Limited 12"" Vinyl Edition","LEAVING RECORDS - Pass If Music Cassette",""
"LP-NS-177","SUSS - Counting Sunsets Sun Slip Variant LP","SUSS - Counting Sunsets LP","10298002964795"
"D-LE-LC","LEAVING RECORDS - Habitat II - ORANGE CASSETTE","devonwho - Lyon - EP",""
"ER-MBOT","Majjin Boo [official t-shirt 2020]","Egghunt Records - Majjin Boo [official t-shirt 2020]","gid://shopify/Product/10310464733499"
"LR-SDSE-CSDS","LEAVING RECORDS - Will2Change - Will2Change","LEAVING RECORDS - Spore Drive Split EP Cassette",""
"CD-NS-177","SUSS - Counting Sunsets CD","SUSS - Counting Sunsets LP","10298261111099"
"LR022","LEAVING RECORDS - PLUM - PLUM","LEAVING RECORDS - Cyclist - Bones in Motion LP",""
"S-S-LEDV","SUSS - Limited Edition Double Vinyl","SUSS - SUSS LP","gid://shopify/Product/10310467846459"
"LR-HE-C","LEAVING RECORDS - Sweet La Vie - MAGIC TAPE","LEAVING RECORDS - Heavy Earth Cassette",""
"LR-TLWS-C","LEAVING RECORDS - Dang - *ltd cassette edtion","LEAVING RECORDS - The Living World's Demands LP",""
"LP-NS-156","SUSS - SUSS Double LP","SUSS - SUSS LP","9947508015419"
"LR-P-P","LEAVING RECORDS - Pass If Music - Pass If Music (cassette)","LEAVING RECORDS - PLUM Cassette",""
"S-SST","SUSS Sunbeam Tee","SUSS - SUSS Sunbeam Tee","gid://shopify/Product/10310471680315"
"LR-T-LC","LEAVING RECORDS - S.Candle - Conditioned Reflex - LTD S.CANDLE TAPES","LEAVING RECORDS - Trarat Cassette",""
"S-ACFC","Ambient Country Festival Commemorative Poster","SUSS - Ambient Country Festival Commemorative Poster","gid://shopify/Product/10310471778619"
"M-IDTW-1","""I Don't Want to Live Forever"" T-Shirt","Midwife - ""I Don't Want to Live Forever"" T-Shirt","gid://shopify/Product/10310482723131"
"CD-NS-156","SUSS - SUSS Double CD","SUSS - SUSS LP","9956339941691"
"M-LFTS-1","""Live Forever"" T-shirt","Midwife - ""Live Forever"" T-shirt","gid://shopify/Product/10310482755899"
"M-PRLS","""Promise Ring"" Long Sleeve T-Shirt","Midwife - ""Promise Ring"" Long Sleeve T-Shirt","gid://shopify/Product/10310482886971"
"JFNK-HI-OC","LEAVING RECORDS - ~~~ - ~~~ 12"" VINYL","J Foerster / N Kramer - Habitat II LP",""
"S-RATH","Red Across the Horizon Tee","SUSS - Red Across the Horizon Tee","gid://shopify/Product/10310471582011"
"LR-E-ET","LEAVING RECORDS - Mudai Version - mudai version cassette","LEAVING RECORDS - ///// EFFECTUAL Cassette",""
"NS156-Deluxe-LP","Deluxe Package (2xLP + Signed Poster)","SUSS - Deluxe Package (2xLP + Signed Poster)","gid://shopify/Product/10310467977531"
"M-LFTS","""Live Forever"" T-Shirt","Midwife - ""Live Forever"" T-Shirt","gid://shopify/Product/10310482919739"
"SWJM-PTCO-DBV","LEAVING RECORDS - Music Belongs To The Universe - TEST PRESSING","Sam Wilkes & Jacob Mann - Perform the Compositions of Sam Wilkes & Jacob Mann CD",""
"SG-FB-V","LEAVING RECORDS - Delight - TEST PRESSING VINYL","Sam Gendel - Fresh Bread LP",""
"LP-NS-134D2F","SUSS - Promise Limited Edition ""Fools Gold"" Vinyl","SUSS - Promise CD","9996747800891"
"NG-MBTT-TP","LEAVING RECORDS - Music Belongs To The Universe - CLEAR VINYL","Nico Georis - Music Belongs To The Universe LP",""
"LR-AGLT-1","LEAVING RECORDS - Ahnnu - Perception - 2LP World Music / Perception VINYL","LEAVING RECORDS - All Genre Levitation Tee (Pepper)",""
"LR-SZ-SZC","LEAVING RECORDS - Lotus Collage - CASSETTE: Lotus Collage","LARAAJI - Sun Zither Cassette",""
"LR-LRLT","LILA लीला - Ground - 10"" Vinyl in Folded Paper Sleeve.","LEAVING RECORDS - LEAVING RECORDS LOGO TEE",""
"NS156-Deluxe-CD","Deluxe Package (2xCD + Signed Poster)","SUSS - Deluxe Package (2xCD + Signed Poster)","gid://shopify/Product/10310467879227"
"SWJM-PTCO-REC","LEAVING RECORDS - Music Belongs To The Universe - TAPE BUNDLE","Sam Wilkes & Jacob Mann - Perform the Compositions of Sam Wilkes & Jacob Mann CD",""
"D-L-12VL","LEAVING RECORDS - Habitat II - TANGERINE SPLATTER VINYL","devonwho - Luz LP",""
"TANF-DC-DC12","LEAVING RECORDS - All Bliss, Every Tree - CASSETTE","Trance Farmers - Dixie Crystals LP",""
"Y-PE-P12V","LEAVING RECORDS - Trust the Guide and Glide - 2LP Trust the Guide and Glide","yuk. - Paraiso - EP LP",""
"AR-L2EC","LEAVING RECORDS - Entity Relation EP - CASSETTE","Ana Roxanne - ~~~ Cassette",""
"NSR-RPIO-1","Rainbow Potted Iris on Ash T-Shirt","Northern Spy Records - Rainbow Potted Iris on Ash T-Shirt","gid://shopify/Product/10310467223867"
"A-ISTN-BV","LEAVING RECORDS - Solstice Concert - CASSETTE","AshTreJinkins - IT'S TRASH NOW LP",""
"M-GG-VMSB","LEAVING RECORDS - BLQLYTE TEE","Maral - Ground Groove LP",""
"TP-BTPR","Black True Panther Raver Cap with LED Lights","True Panther - Black True Panther Raver Cap with LED Lights","gid://shopify/Product/10310474498363"
"FDN-SC-LEC","LEAVING RECORDS - Strawberry Season - PINK VINYL","Fabiano do Nascimento - Solstice Concert LP",""
"S-SS20","SUSS Spring 2025 Tour Sweatshirt","SUSS - SUSS Spring 2025 Tour Sweatshirt","gid://shopify/Product/10310471549243"
"SBNM-SM-C","LEAVING RECORDS - IT'S TRASH NOW - BLACK VINYL","Surya Botofasina, Nate Mercereau, Carlos Niño - Subtle Movements Cassette",""
"BDW-TI-TPV","LEAVING RECORDS - Das Nuvens - CASSETTE","Brin & Dustin Wong - Texture II LP",""
"A-ISTN-TP","LEAVING RECORDS - Cavejaz - TEST PRESSING VINYL","AshTreJinkins - IT'S TRASH NOW LP",""
"TS-NS-PI","Northern Spy Records Potted Iris Tee","Northern Spy Records - Northern Spy Records Potted Iris Tee","gid://shopify/Product/10310467486011"
"LR-AGMD-1","LEAVING RECORDS - All Genre Levitation Tee (PEPPER)","LEAVING RECORDS - All Genre Magic Door Tee (Butter)",""
"AD-MMV1-C","LEAVING RECORDS - Saana Sahel EP - VINYL","Ami Dang - Meditations Mixtape, Vol. I Cassette",""
"SR-B","Buttons","Shilpa Ray - Buttons","gid://shopify/Product/10310469189947"
"CS-DANCINGO-K57U","NNA Tapes - Dancing On Soda Lake - Limited Edition Cassette","NNA Tapes - Dancing On Soda Lake Cassette",""
"L-IWT2-LTPV","LEAVING RECORDS - BANANA LIVE - ltd. BANANA LIVE CASSETTE","Lionmilk - Intergalactic Warp Terminal 222 LP",""
"NSR-RPIO","Rainbow Potted Iris on White T-Shirt","Northern Spy Records - Rainbow Potted Iris on White T-Shirt","gid://shopify/Product/10310467453243"
"SG-PIM-DCV","LEAVING RECORDS - Delight - CASSETTE","Sam Gendel - Pass If Music LP",""
"FH-E-2CEA","LEAVING RECORDS - LR ALL GENRE CAP","Francesca Heart - Eurybia Cassette",""
"LR-LRIT","LEAVING RECORDS - All Genre Portal Tee","LEAVING RECORDS - LR Reflective Ink Tote",""
"SG-PIM-V","LEAVING RECORDS - Dream Trio - CASSETTE","Sam Gendel - Pass If Music LP",""
"LR-E-EC","LEAVING RECORDS - LR ALL GENRE TOTE","LEAVING RECORDS - ///// EFFECTUAL Cassette",""
"ADDITIONAL-SHIPPING","Additional Shipping (USPS Media Mail)","True Panther - Additional Shipping (USPS Media Mail)","gid://shopify/Product/10310474072379"
"NT-NTTS","NNA Tapes Shirt (White)","NNA Tapes - NNA Tapes Shirt (White)","gid://shopify/Product/10310471975227"
"LR-TTGA-2TTG","LEAVING RECORDS - Care Tracts - CASSETTE","Matthewdavid - Trust the Guide and Glide Cassette",""
"TS-NNA-115","NNA x Cameron Stallones T-Shirt (Limited Edition)","NNA Tapes - NNA x Cameron Stallones T-Shirt (Limited Edition)","gid://shopify/Product/10310471942459"
"NS-2022-SHIRT","The Promise of a Future T-Shirt","Northern Spy Records - The Promise of a Future T-Shirt","gid://shopify/Product/10310467354939"
"CS-WSR-015","Trupa Trupa / Suspirians CS","TRUPA TRUPA - TRUPA TRUPA / Suspirians Split Cassette","10025027305787"
"QA-SA-CS","LEAVING RECORDS - Red Moon - TEST PRESSING VINYL","Qoa - SAUCO LP",""
"SCD-SCD-CS","LEAVING RECORDS - Subtle Movements - CASSETTE","Sam Wilkes, Craig Weinrib, and Dylan Day - Sam Wilkes, Craig Weinrib, and Dylan Day Cassette",""
"LR-AGCL","LEAVING RECORDS - TREE MUSIC TEE (SCOUR)","LEAVING RECORDS - All Genre Long-Sleeve (Black)",""
"LR-CLCS","LEAVING RECORDS - ALL GENRE LEVITATION (BLACK)","LEAVING RECORDS - CLASSIC LOGO CREWNECK SWEATSHIRT",""
"TD-HF-C-1","LEAVING RECORDS - EXTRAVISION - EXTRAVINYL","tp Dutchkiss - high functioning Cassette",""
"TT-TT-V","LEAVING RECORDS - Sam Wilkes, Craig Weinrib, and Dylan Day - CD (Japan Import)","toso toso - toso toso LP",""
"TS-NS-137C","Instant Night ""GPS To A Ditch"" T-Shirt","Beauty Pill - Instant Night ""GPS To A Ditch"" T-Shirt","gid://shopify/Product/10310468206907"
"SR-CSGP","Gold Print Savage T-Shirt","Shilpa Ray - Gold Print Savage T-Shirt","gid://shopify/Product/10310469091643"
"LR-MBML","LEAVING RECORDS - ZINE BUNDLE: HOW TO PLAY GUITAR VOL. 1-5","LEAVING RECORDS - MIVS&BG MAROON LONG-SLEEVE",""
"WM-WMIM-IMHM","LEAVING RECORDS - MYCELIUM MUSIC SHIRT","White Magic - White Magic - I'm Hiding My Nightingale LP",""
"BT-EM-EM12","LEAVING RECORDS - Paraiso - EP - Paraiso 12"" Vinyl","Black Taffy - Elder Mantis LP",""
"LR-TB","LEAVING RECORDS - LR TOTE","LEAVING RECORDS - TOTE & BANDANA",""
"Tōth-Renata-Bundle-LP","Tōth & Renata LP Bundle","Northern Spy Records - Tōth & Renata LP Bundle","gid://shopify/Product/10310467322171"
"SI-SR-LYSP","Last Year's Savage Patch","Shilpa Ray - Last Year's Savage Patch","gid://shopify/Product/10310468993339"
"NT-LE6C","Various Artists 'Centennial' Limited Edition 6-Cassette Box Set","NNA Tapes - Various Artists 'Centennial' Limited Edition 6-Cassette Box Set","gid://shopify/Product/10310472139067"
"LR-ZBHT","LEAVING RECORDS - LEAVING RECORDS HAT","LEAVING RECORDS - ZINE BUNDLE: HOW TO PLAY GUITAR VOL. 1-5",""
"BT-PA-PAC","LEAVING RECORDS - Dixie Crystals - 12"" LP","Black Taffy - Parlour Arcana Cassette",""
"LR-CBLL","LEAVING RECORDS - 49 ALBUMS FOR MUSIC CENTERED PSYCHEDLIC INTEGRATIO","LEAVING RECORDS - Classic Black | LR Logo",""
"LR-LAGL","LEAVING RECORDS - MIVS&BG MAROON LONG-SLEEVE","LEAVING RECORDS - LR ALL GENRE LONG SLEEVE (BLACK)",""
"LR-TO","LEAVING RECORDS - MILLENNIAL PINK","LEAVING RECORDS - The Original",""
"LR-LAGT","LEAVING RECORDS - Classic Black | LR Logo","LEAVING RECORDS - LR ALL GENRE TOTE",""
"NT-NTS","NNA Tapes Shirt","NNA Tapes - NNA Tapes Shirt","gid://shopify/Product/10310472040763"
"R-II-LC","LEAVING RECORDS - Holiday Mystery Bundle - Black","raays - Innervzm II Cassette",""
"VCR-TCOA-C","LEAVING RECORDS - ///// EFFECTUAL - ///// EFFECTUAL CD","V.C.R - The Chronicles of a Caterpillar: The Egg Cassette",""
"SW-W-LEWC","LEAVING RECORDS - Sharing Waves - Sharing Waves VINYL LP (1st edition)","Sam Wilkes - WILKES Cassette",""
"FDN-C-TPV","LEAVING RECORDS - Strawberry Season - CASSETTE","Fabiano do Nascimento - Cavejaz LP",""
"Y-YANA-YANA","LEAVING RECORDS - Mycelium Music - 2LP BLACK VINYL","yuk. - yuk. - a n a k LP",""
"SWJM-PTCO-TPV","LEAVING RECORDS - Plant Music Vol 1 - Shirley Shirley Shir - PLANT MUSIC TAPE BUNDLE","Sam Wilkes & Jacob Mann - Perform the Compositions of Sam Wilkes & Jacob Mann CD",""
"NG-CS-CC","LEAVING RECORDS - Innervzm II - DIVINATION TAPE","Nico Georis - Cloud Suites LP",""
"NG-CS-LCV","LEAVING RECORDS - Null Data - CASSETTE","Nico Georis - Cloud Suites LP",""
"NG-MBTT-CV","LEAVING RECORDS - Eurybia - CASSETTE","Nico Georis - Music Belongs To The Universe LP",""
"NG-MBTT-T","LEAVING RECORDS - Altered Scenes and Slight Variations - CASSETTE","Nico Georis - Music Belongs To The Universe LP",""
"L-SZ-C","LEAVING RECORDS - Ways - 12"" VINYL LP","LARAAJI - Sun Zither Cassette",""
"NG-CS-LBV","LEAVING RECORDS - Bird Bath - CASSETTE","Nico Georis - Cloud Suites LP",""
"NG-MBTTU-V","LEAVING RECORDS - Eurybia - 2ND CASSETTE EDITION: AQUA EURYBIA","Nico Georis - Music Belongs To The Universe LP",""
"K-KA-KKAC","LEAVING RECORDS - youdecide - YOUDECIDE VINYL 12"" LP","Kiefer - Kickinit Alone LP",""
"L-VIPS-LECV","LEAVING RECORDS - Technoself - Technoself 12"" Vinyl LP","Lionmilk - Visions in Paraíso Cassette",""
"NG-PMV3-C","LEAVING RECORDS - The Chronicles of a Caterpillar: The Egg - CASSETTE","Nico Georis - Plant Music Vol.3 - The Golden Teachers LP",""
"LP-NS-156-TEST","SUSS - Test Press","SUSS - SUSS LP","gid://shopify/Product/10310467813691"
"LP-THEHOLEI-K5F8","NNA Tapes - The Hole in the Landscape' - Limited Edition Vinyl LP","NNA Tapes - The Hole in the Landscape' LP",""
"CD-BRICKAND-K77P","Birdwatcher Records - Brick and Mortar - Compact Disc","Birdwatcher Records - Brick and Mortar CD",""
"CD-FINDINGF-K914","Birdwatcher Records - Finding Fire - Cale Brandley with Triptych Myth: Finding Fire CD","Birdwatcher Records - Finding Fire CD",""
"CS-LIVINGPE-K516","NNA Tapes - Living Pearl' - Limited Edition Cassette","NNA Tapes - Living Pearl' Cassette",""
"NG-PMV3-V","LEAVING RECORDS - Cloud Suites - CASSETTE","Nico Georis - Plant Music Vol.3 - The Golden Teachers LP",""
"LP-THEYSELL-K461","NNA Tapes - They Sell Doomsday' - Limited Edition Double Vinyl LP","NNA Tapes - They Sell Doomsday' LP",""
"CD-PEACEBEY-K61G","Birdwatcher Records - Peace Beyond Conflict - CD in Digipack","Birdwatcher Records - Peace Beyond Conflict CD",""
"CD-BASKETST-K7TS","Birdwatcher Records - Basket Star - Adir L.C. Basket Star CD","Birdwatcher Records - Basket Star CD",""
"CS-THEHUMOR-K9OU","Birdwatcher Records - The Humors - The Humors Cassette","Birdwatcher Records - The Humors Cassette",""
"TS-NS-137D","Instant Night T-Shirt Bundle","Beauty Pill - Instant Night T-Shirt Bundle","gid://shopify/Product/10310468239675"
"CS-URGETOME-K4TR","NNA Tapes - Urge To Merge' - Limited Edition Cassette","NNA Tapes - Urge To Merge' Cassette",""
"LP-TOMBEAUX-K6NH","Birdwatcher Records - Tombeaux - 12"" Vinyl","Birdwatcher Records - Tombeaux LP",""
"LR-CLRL","LEAVING RECORDS - 49 ALBUMS FOR MUSIC CENTERED PSYCHEDELIC INTEGRATI","LEAVING RECORDS - CLASSIC LEAVING RECORDS LOGO HAT",""
"LP-TIMOKA-K8F7","Birdwatcher Records - Timoka - Timoka Deluxe Vinyl","Birdwatcher Records - Timoka LP",""
"CS-ASIFALWA-KAB9","Birdwatcher Records - as if always - Limited Edition Colored Cassette","Birdwatcher Records - as if always Cassette",""
"LP-IDENTITY-K4ML","NNA Tapes - Identity Picks' - 12 inch Vinyl","NNA Tapes - Identity Picks' LP",""
"CD-THEYSELL-K3XM","NNA Tapes - They Sell Doomsday' - Limited Edition Compact Disc","NNA Tapes - They Sell Doomsday' CD",""
"NG-PMV1-PMTB","LEAVING RECORDS - Cloud Suites - CLEAR VINYL","Nico Georis - Plant Music Vol 1 - Shirley Shirley Shirley! LP",""
"LP-CELLSREM-K5U6","Birdwatcher Records - Cells Remain - 12"" Vinyl","Birdwatcher Records - Cells Remain LP",""
"NG-CS-TB","LEAVING RECORDS - Plant Music Vol.3 - The Golden Teachers - CASSETTE","Nico Georis - Cloud Suites LP",""
"CD-CELLSREM-K5MY","Birdwatcher Records - Cells Remain - CD","Birdwatcher Records - Cells Remain CD",""
"CD-OUTERSON-K7FI","Birdwatcher Records - Outer Song - CD in Digipack","Birdwatcher Records - Outer Song CD",""
"CD-POWERVIB-K995","Birdwatcher Records - Power Vibe - CD","Birdwatcher Records - Power Vibe CD",""
"LP-IDONTWAN-K4FG","NNA Tapes - I Don’t Want To Die' - 12 inch Vinyl","NNA Tapes - I Don’t Want To Die' LP",""
"TS-NS-137B","Instant Night ""Nature Got The Left Swipe"" T-Shirt","Beauty Pill - Instant Night ""Nature Got The Left Swipe"" T-Shirt","gid://shopify/Product/10310468174139"
"CD-THEMASQU-K68Z","Birdwatcher Records - The Masquerade Is Over - Digipak CD","Birdwatcher Records - The Masquerade Is Over CD",""
"CD-TULIPORT-K6GI","Birdwatcher Records - Tulip or Turnip - Tulip or Turnip CD in Digipack","Birdwatcher Records - Tulip or Turnip CD",""
"CD-TIMOKA-K88E","Birdwatcher Records - Timoka - Timoka Deluxe CD in Jacket","Birdwatcher Records - Timoka CD",""
"LP-ASIFALWA-KA3N","Birdwatcher Records - as if always - 150gm Colored Vinyl LP","Birdwatcher Records - as if always LP",""
"LP-2TONE-K6UF","Birdwatcher Records - 2 Tone - Limited Edition 12"" Vinyl.","Birdwatcher Records - 2 Tone LP",""
"CD-THECASBA-K8M6","Birdwatcher Records - The Casbah Of Love - Andrew Lamb Trio - Casbah Of Love CD","Birdwatcher Records - The Casbah Of Love CD",""
"CD-2TONE-K70P","Birdwatcher Records - 2 Tone - Limited Edition Compact Disc","Birdwatcher Records - 2 Tone CD",""
"CD-FINISHHI-K8TD","Birdwatcher Records - Finish Him - CD in Digipack","Birdwatcher Records - Finish Him CD",""
"CS-BASKETST-K7N7","Birdwatcher Records - Basket Star - Limited Edition Cassette","Birdwatcher Records - Basket Star Cassette",""
"CD-TAKETHEN-K9HE","Birdwatcher Records - Take The Neon Lights - Take The Neon Lights CD","Birdwatcher Records - Take The Neon Lights CD",""
"LP-THEEIGHT-K80J","Birdwatcher Records - The Eighth House - Limited Edition 12"" Vinyl","Birdwatcher Records - The Eighth House LP",""
"CD-HIGHTIDE-K9W8","Birdwatcher Records - High Tide - Compact Disc","Birdwatcher Records - High Tide CD",""
"CD-ASIFALWA-KAIC","Birdwatcher Records - as if always - Limited Edition Digipak CD","Birdwatcher Records - as if always CD",""
"LP-NS-120","SUSS - High Line Black LP","SUSS - High Line LP","9996746195259"
"SWJM-PTCO-C","LEAVING RECORDS - Plant Music Vol.3 - The Golden Teachers - PLANT MUSIC VINYL BUNDLE","Sam Wilkes & Jacob Mann - Perform the Compositions of Sam Wilkes & Jacob Mann CD",""
"ME-SS-V","LEAVING RECORDS - Plant Music Vol 1 - Shirley Shirley Shir - PLANT MUSIC VINYL BUNDLE","more eaze - Strawberry Season LP",""
"FDN-SC-FDNS","LEAVING RECORDS - Perform the Compositions of Sam Wilkes & - CASSETTE","Fabiano do Nascimento - Solstice Concert LP",""
"BP-WBTS","White Bicycle triptych set (limited bone vinyl)","Beauty Pill - White Bicycle triptych set (limited bone vinyl)","gid://shopify/Product/10310468141371"
"LS-MPP","Mosh Pit Power","Lord Spikeheart - Default Title","gid://shopify/Product/10310466830651"
"CD-NS-120","SUSS - High Line CD","SUSS - High Line LP","9947504148795"
"LR-AGLT-3","LILA लीला - Waking Music - 7 CD Bundle","LEAVING RECORDS - All Genre Levitation Tee (WHITE)",""
"LR-AGPT","LEAVING RECORDS - The Leaving Records Hat","LEAVING RECORDS - All Genre Portal Tee",""
"LR-CDCM-C","LEAVING RECORDS - Spiro World - TEST PRESSING VINYL","LARAAJI - Celestrana / Deep Chimes Meditation Cassette",""
"M-JSP-V","LEAVING RECORDS - Tonings - Tonings CASSETTE (archival, 1980s)","MATTIE - Jupiter's Purse LP",""
"S-BPT","Black Promise Tee","SUSS - Black Promise Tee","gid://shopify/Product/10310471319867"
"M-ABET-C","LEAVING RECORDS - Ashram - Ltd. Ashram Cassette","Matthewdavid - All Bliss, Every Tree Cassette",""
"ME-SS-C","LEAVING RECORDS - Perform the Compositions of Sam Wilkes & - DODGER BLUE VINYL","more eaze - Strawberry Season LP",""
"FDN-C-V","LEAVING RECORDS - Perform the Compositions of Sam Wilkes & - CD (Japan Import)","Fabiano do Nascimento - Cavejaz LP",""
"NG-PMV3-PMVB","LEAVING RECORDS - Cloud Suites - VINYL","Nico Georis - Plant Music Vol.3 - The Golden Teachers LP",""
"LR118-1","LEAVING RECORDS - Reishi - ltd. 12"" Vinyl LP","Kiefer - Kickinit Alone LP",""
"FDN-SC-TP","LEAVING RECORDS - Das Nuvens - VINYL","Fabiano do Nascimento - Solstice Concert LP",""
"BDW-TI-BV","LEAVING RECORDS - Cavejaz - VINYL","Brin & Dustin Wong - Texture II LP",""
"LL-RM-VB","LEAVING RECORDS - Das Nuvens - COLOR VINYL","Low Leaf - Red Moon LP",""
"LR-LAGV","LEAVING RECORDS - Dream Music T-shirt","LEAVING RECORDS - LR ALL GENRE VENN DIAGRAM LONG SLEEVE (WHITE)",""
"LL-RM-VM","LEAVING RECORDS - Solstice Concert - TEST PRESSING","Low Leaf - Red Moon LP",""
"LR-TLWS-V","LEAVING RECORDS - Dang - 12"" Vinyl LP","LEAVING RECORDS - The Living World's Demands LP",""
"LS-R","LEAVING RECORDS - Music for Saxofone and Bass Guitar - MIVS&BG CASSETTE (3RD EDITION) + STAMPED BAG","Lord Spikeheart - Zebra Long Sleeve. Black",""
"LL-RM-C","LEAVING RECORDS - Texture II - BLACK VINYL","Low Leaf - Red Moon LP",""
"DD-R-L12V","LEAVING RECORDS - A V - A V Cassette","ddust direct - Reishi LP",""
"LL-RM-TPV","LEAVING RECORDS - Texture II - BLUE CASSETTE","Low Leaf - Red Moon LP",""
"X-NNA-137","Bundle: Graphic Score + Digital Album","Sally Decker - Bundle: Graphic Score + Digital Album","gid://shopify/Product/10310473154875"
"NSR-NSRP","Northern Spy Records Potted Iris Tee","Northern Spy Records - Northern Spy Records Potted Iris Tee","gid://shopify/Product/10310467191099"
"RTAS-TEAT-ETV1","LEAVING RECORDS - Ground Groove - VINYL","Ras_G & The Afrikan Space Program - The El-Aylien Tapes LP",""
"PE-I-C","LEAVING RECORDS - Red Moon - VINYL (MAGENTA)","Paige Emery - Intercommunications Cassette",""
"LR-SRE-12V","LEAVING RECORDS - Trarat - ltd. cassette","LEAVING RECORDS - Sisters Remix EP LP",""
"SBNM-SM-2","LEAVING RECORDS - IT'S TRASH NOW - TEST PRESSING","Surya Botofasina, Nate Mercereau, Carlos Niño - Subtle Movements Cassette",""
"LR-MBOT","LEAVING RECORDS - Golden Days - ltd. Golden Days tape","LEAVING RECORDS - MIVS&BG OFFICIAL TEE",""
"SHIRT-WSR-FEST","WSR Fest 22 T-shirt","Whited Sepulchre Records - WSR Fest 22 T-shirt","gid://shopify/Product/10310477447483"
"SBNM-SM-2V","LEAVING RECORDS - Red Moon - VINYL (BLACK)","Surya Botofasina, Nate Mercereau, Carlos Niño - Subtle Movements Cassette",""
"JQT-WMAB","Westcoast Medieval Ambient Bumper Sticker","Jesse Q-T - Westcoast Medieval Ambient Bumper Sticker","gid://shopify/Product/10310477807931"
"NHA-POD-V","LEAVING RECORDS - 2nd Draft - TEST PRESSING","Nailah Hunter - The Pavilion Of Dreams LP",""
"FC-MSLL-1","Mommy's Little Lesbian Sticker","Frost Children - Mommy's Little Lesbian Sticker","gid://shopify/Product/10310476169531"
"Q-S-TP","LEAVING RECORDS - In Float - CASSETTE","Qoa - SAUCO LP",""
"SWCW-SWCW-CJI","LEAVING RECORDS - SAUCO - VINYL","Sam Wilkes, Craig Weinrib, and Dylan Day - Sam Wilkes, Craig Weinrib, and Dylan Day Cassette",""
"ER-MXAC","Mekong Xpress Album Cover T","Egghunt Records - Mekong Xpress Album Cover T","gid://shopify/Product/10310464700731"
"GB-E-TPV","LEAVING RECORDS - Sam Wilkes, Craig Weinrib, and Dylan Day - TEST PRESSING VINYL","Guy Blakeslee - EXTRAVISION LP",""
"SWCW-SWCW-V","LEAVING RECORDS - Subtle Movements - 2LP","Sam Wilkes, Craig Weinrib, and Dylan Day - Sam Wilkes, Craig Weinrib, and Dylan Day Cassette",""
"JJ-UO-T","Unusual Object T-shirt","Josh Johnson - Unusual Object T-shirt","gid://shopify/Product/10310468403515"
"LR-AGPT-1","LEAVING RECORDS - The Living World's Demands - CASSETTE","LEAVING RECORDS - ALL GENRE PORTAL TEE",""
"SB-ACTS","Shirt + LP Bundle!","Stephen Becker - Shirt + LP Bundle!","gid://shopify/Product/10310473580859"
"LR-AGLT-2","LEAVING RECORDS - ///// EFFECTUAL - ///// EFFECTUAL TAPE","LEAVING RECORDS - All Genre Levitation Tee (PEPPER)",""
"CP-LSEE-C-1","LEAVING RECORDS - high functioning - CASSETTE","Cole Pulice - Land's End Eternal LP",""
"JB-D3-C","LEAVING RECORDS - Sam Wilkes, Craig Weinrib, and Dylan Day - CASSETTE","Jahsh Banks - dude <3 Cassette",""
"QAS-P-V","LEAVING RECORDS - Arches Block Print","Qur'an Shaheed - Pulse LP",""
"LR-LRRB","LEAVING RECORDS - All Genre Levitation Tee","LEAVING RECORDS - LEAVING RECORDS RAINBOW BRIDGE MAGNET",""
"P-PLTS","Peretsky Longsleeve T-Shirt","Peretsky - Peretsky Longsleeve T-Shirt","gid://shopify/Product/10310478004539"
"NSR-NSED","Northern Spy Embroidered Hat","Northern Spy Records - Northern Spy Embroidered Hat","gid://shopify/Product/10310467518779"
"LR-OB","LEAVING RECORDS - LEAVING RECORDS RAINBOW BRIDGE MAGNET","LEAVING RECORDS - Om Bundle",""
"NK-ABP","LEAVING RECORDS - SAUCO - TEST PRESSING","noah klein - Arches Block Print",""
"NS-2022-SALE-IN","SALE! songwriters/""pop"" pack","Northern Spy Records - SALE! songwriters/""pop"" pack","gid://shopify/Product/10310467387707"
"CD-THEYSELL-9NW0","NNA Tapes - They Sell Doomsday' - Limited Edition Compact Disc","NNA Tapes - They Sell Doomsday' CD",""
"LP-CELLSREM-9POY","Birdwatcher Records - Cells Remain - 12"" Vinyl","Birdwatcher Records - Cells Remain LP",""
"CS-BASKETST-9RMZ","Birdwatcher Records - Basket Star - Limited Edition Cassette","Birdwatcher Records - Basket Star Cassette",""
"CD-TAKETHEN-9TFD","Birdwatcher Records - Take The Neon Lights - Take The Neon Lights CD","Birdwatcher Records - Take The Neon Lights CD",""
"LP-THEYSELL-9O2V","NNA Tapes - They Sell Doomsday' - Limited Edition Double Vinyl LP","NNA Tapes - They Sell Doomsday' LP",""
"CD-PEACEBEY-9PWT","Birdwatcher Records - Peace Beyond Conflict - CD in Digipack","Birdwatcher Records - Peace Beyond Conflict CD",""
"CD-BASKETST-9RUO","Birdwatcher Records - Basket Star - Adir L.C. Basket Star CD","Birdwatcher Records - Basket Star CD",""
"CS-THEHUMOR-9TME","Birdwatcher Records - The Humors - The Humors Cassette","Birdwatcher Records - The Humors Cassette",""
"LP-IDONTWAN-9OAA","NNA Tapes - I Don’t Want To Die' - 12 inch Vinyl","NNA Tapes - I Don’t Want To Die' LP",""
"CD-THEMASQU-9Q3Q","Birdwatcher Records - The Masquerade Is Over - Digipak CD","Birdwatcher Records - The Masquerade Is Over CD",""
"LP-IDENTITY-9OH5","NNA Tapes - Identity Picks' - 12 inch Vinyl","NNA Tapes - Identity Picks' LP",""
"CS-URGETOME-9OOB","NNA Tapes - Urge To Merge' - Limited Edition Cassette","NNA Tapes - Urge To Merge' Cassette",""
"CS-LIVINGPE-9OVX","NNA Tapes - Living Pearl' - Limited Edition Cassette","NNA Tapes - Living Pearl' Cassette",""
"CS-DANCINGO-9P44","NNA Tapes - Dancing On Soda Lake - Limited Edition Cassette","NNA Tapes - Dancing On Soda Lake Cassette",""
"LP-THEHOLEI-9PB9","NNA Tapes - The Hole in the Landscape' - Limited Edition Vinyl LP","NNA Tapes - The Hole in the Landscape' LP",""
"CD-CELLSREM-9PI9","Birdwatcher Records - Cells Remain - CD","Birdwatcher Records - Cells Remain CD",""
"CD-OUTERSON-9REJ","Birdwatcher Records - Outer Song - CD in Digipack","Birdwatcher Records - Outer Song CD",""
"CD-POWERVIB-9T7O","Birdwatcher Records - Power Vibe - CD","Birdwatcher Records - Power Vibe CD",""
"CD-TULIPORT-9QB0","Birdwatcher Records - Tulip or Turnip - Tulip or Turnip CD in Digipack","Birdwatcher Records - Tulip or Turnip CD",""
"LP-TOMBEAUX-9QIP","Birdwatcher Records - Tombeaux - 12"" Vinyl","Birdwatcher Records - Tombeaux LP",""
"LP-TIMOKA-9SF2","Birdwatcher Records - Timoka - Timoka Deluxe Vinyl","Birdwatcher Records - Timoka LP",""
"LP-2TONE-9QQ5","Birdwatcher Records - 2 Tone - Limited Edition 12"" Vinyl.","Birdwatcher Records - 2 Tone LP",""
"CD-THECASBA-9SM6","Birdwatcher Records - The Casbah Of Love - Andrew Lamb Trio - Casbah Of Love CD","Birdwatcher Records - The Casbah Of Love CD",""
"CD-ASIFALWA-9UEO","Birdwatcher Records - as if always - Limited Edition Digipak CD","Birdwatcher Records - as if always CD",""
"CD-2TONE-9QYS","Birdwatcher Records - 2 Tone - Limited Edition Compact Disc","Birdwatcher Records - 2 Tone CD",""
"CD-FINISHHI-9STQ","Birdwatcher Records - Finish Him - CD in Digipack","Birdwatcher Records - Finish Him CD",""
"CD-BRICKAND-9R7A","Birdwatcher Records - Brick and Mortar - Compact Disc","Birdwatcher Records - Brick and Mortar CD",""
"CD-FINDINGF-9T0U","Birdwatcher Records - Finding Fire - Cale Brandley with Triptych Myth: Finding Fire CD","Birdwatcher Records - Finding Fire CD",""
"LP-THEEIGHT-9S1T","Birdwatcher Records - The Eighth House - Limited Edition 12"" Vinyl","Birdwatcher Records - The Eighth House LP",""
"CD-HIGHTIDE-9TTL","Birdwatcher Records - High Tide - Compact Disc","Birdwatcher Records - High Tide CD",""
"CD-TIMOKA-9S8M","Birdwatcher Records - Timoka - Timoka Deluxe CD in Jacket","Birdwatcher Records - Timoka CD",""
"LP-ASIFALWA-9U05","Birdwatcher Records - as if always - 150gm Colored Vinyl LP","Birdwatcher Records - as if always LP",""
"CS-ASIFALWA-9U7X","Birdwatcher Records - as if always - Limited Edition Colored Cassette","Birdwatcher Records - as if always Cassette",""
"QAS-P-TPV","LEAVING RECORDS - dude <3 - CASSETTE","Qur'an Shaheed - Pulse LP",""
"LR-LTMO","LEAVING RECORDS - MIVS&BG OFFICIAL TEE","LEAVING RECORDS - LISTEN TO MUSIC OUTSIDE IN THE DAYLIGHT UNDER A TREE (OFFICIAL TEE)",""
"LR142","LEAVING RECORDS - Coolin' - EP - CASSETTE","Sam Gendel & Sam Wilkes - Music for Saxofone and Bass Guitar LP",""
"CP-LEE-V","LEAVING RECORDS - The Gate - VINYL","Cole Pulice - Land's End Eternal LP",""
"CS-NIPOMO-BD2A","Northern Spy Records - Nipomo - CASSETTE","Northern Spy Records - Nipomo Cassette",""
"CP-LSEE-CV","LEAVING RECORDS - The Gate - CASSETTE","Cole Pulice - Land's End Eternal LP",""
"HTN-U-WVE","LEAVING RECORDS - Land's End Eternal - CLEAR VINYL","Harry the Nightgown - Ugh LP",""
"BF-ATTW-BV","LEAVING RECORDS - Land's End Eternal - CASSETTE","BlankFor.ms - After The Town Was Swept Away LP",""
"LS-FDIQ-ATPV","LEAVING RECORDS - After The Town Was Swept Away - BLACK VINYL","Luke Schneider - For Dancing in Quiet Light LP",""
"DWOW","LEAVING RECORDS - Habitat II - BLACK VINYL","devonwho - Offworld Cassette",""
"B-B8P-POSTER","Babymorocco 885x590mm Poster","Babymorocco - Babymorocco 885x590mm Poster","gid://shopify/Product/10310476562747"
"LS-FDIQ-VBSB","LEAVING RECORDS - After The Town Was Swept Away - BLUE VINYL","Luke Schneider - For Dancing in Quiet Light LP",""
"FT-M-V","LEAVING RECORDS - For Dancing in Quiet Light - CASSETTE","Fumitake Tamura - Mijin LP",""
"BP-WBTS-1","White Bicycle triptych set: LP + CD + Cassette","Beauty Pill - White Bicycle triptych set: LP + CD + Cassette","gid://shopify/Product/10310468108603"
"LR-MGGI-I12V","LEAVING RECORDS - SunPath 2 - Dream Music 2CS","LEAVING RECORDS - M Geddes Gengras - Ishi LP",""
"DE-LIL-LIL","Let It Leave","Deau Eyes - Let It Leave LP","gid://shopify/Product/10310465257787"
"SHIRT-WSR-036","Limited Edition ""Tender"" T-Shirt","Allison Lorenzen - Limited Edition ""Tender"" T-Shirt","gid://shopify/Product/10310478528827"
"P-QOA-QOA","Quilting & Other Activities","Pearla - Quilting & Other Activities LP","gid://shopify/Product/10310465126715"
"669158573523","LEAVING RECORDS - The Name Is Flaunt - Flaunt Edwards 12"" Vinyl","Matthewdavid - On Mushrooms LP",""
"M-MM-2BV","LEAVING RECORDS - On Mushrooms - LTD ORANGE VINYL","Matthewdavid - Mycelium Music LP",""
"LR-SCCR-LSCT","LEAVING RECORDS - M Geddes Gengras - Ishi - ISHI 12"" VINYL LP","LEAVING RECORDS - S.Candle - Conditioned Reflex Cassette",""
"LR-AGLB","LEAVING RECORDS - VINYL SHIRT BUNDLE (LONGSLEEVE)","LEAVING RECORDS - ALL GENRE LEVITATION (BLACK)",""
"LR-TLRH","LEAVING RECORDS - CLASSIC LOGO CREWNECK SWEATSHIRT","LEAVING RECORDS - The Leaving Records Hat",""
"DTPG-THH-V","LEAVING RECORDS - Yours Not Mine - CASSETTE","Diva & The Pearly Gates - The Haunted House LP",""
"AS-ASII-SV","LEAVING RECORDS - For Dancing in Quiet Light - AUTOGRAPHED TEST PRESSING VINYL","Aaron Shaw - And So It Is LP",""
"M-ZM-C","LEAVING RECORDS - DISK II - DISK II ltd CASSETTE","Matthewdavid - Zithertronics Cassette",""
"K-IS-CS","LEAVING RECORDS - TRANSMUTANCIA - CASSETTE","Kaazi - Incidental Scenes Cassette",""
"S-STCS","SUSS Tee- Closeout Sale!","SUSS - SUSS Tee- Closeout Sale!","gid://shopify/Product/10310471745851"
"LR-CBLT","LEAVING RECORDS - TREE MUSIC TEE - SLATE","LEAVING RECORDS - CLASSIC BLACK LOGO TEE",""
"C-MITP-CB","LEAVING RECORDS - Elderberry - *Elderberry 12"" Vinyl Edition","Cakedog - Menace In The Phantom Cassette",""
"JS-MOW-MOWL","LEAVING RECORDS - WILKES - WILKES 12"" VINYL LP","Josiah Steinbrick - Meeting of Waters",""
"SG-S-VSD","LEAVING RECORDS - Six Songs for Invisible Gardens - Cassettes w/Wild Flower Seeds","Sam Gendel - SUPERSTORE LP",""
"LR-GD-LGDT","LEAVING RECORDS - Spore Drive Split EP - CASSETTE: Spore Drive Split EP","LEAVING RECORDS - Golden Days Cassette",""
"GH-S","LEAVING RECORDS - The Haunted House - VINYL","Green-House - SHIRT",""
"TT-TT-TPV","LEAVING RECORDS - Arches - Lathe Cut 10"" Record","toso toso - toso toso LP",""
"Y-PE-PEC","LEAVING RECORDS - Uncleared - UNCLEARED 12"" VINYL (HABENERO ORANGE)","yuk. - Paraiso - EP LP",""
"LR-AGLS","LEAVING RECORDS - CLASSIC BLACK LOGO TEE","LEAVING RECORDS - All Genre Long-Sleeve (White)",""
"LR-TSMB","LEAVING RECORDS - Leaving Classic Crewneck","LEAVING RECORDS - MIVS&BG OFFICIAL LONGSLEEVE - TAN",""
"SHIRT-WSR-JH-U","""Unification"" T-Shirt","Joshua Hill - ""Unification"" T-Shirt","gid://shopify/Product/10310478856507"
"GH-SSFI-12GV","LEAVING RECORDS - Music for Living Spaces - VINYL","Green-House - Six Songs for Invisible Gardens LP",""
"SG-DT-C","LEAVING RECORDS - SUPERSTORE - VINYL (SMALL DINGS)","Sam Gendel - Dream Trio LP",""
"SG-FB-V2","LEAVING RECORDS - AE-30 - VINYL (CLEAR)","Sam Gendel - Fresh Bread LP",""
"SG-A30-TP","LEAVING RECORDS - Pass If Music - DARK CLEAR VINYL","Sam Gendel - AE-30 LP",""
"SG-DT-TP","LEAVING RECORDS - SUPERSTORE - LTD CLEAR VINYLS","Sam Gendel - Dream Trio LP",""
"LR-UIP-3AIO","LEAVING RECORDS - Celestrana / Deep Chimes Meditation - CASSETTE","LARAAJI - Unicorns in Paradise Cassette",""
"BM-ATTW-TP","LEAVING RECORDS - Land's End Eternal - CLEAR VINYL","BlankFor.ms - After The Town Was Swept Away LP",""
"BF-ATTW-C","LEAVING RECORDS - Land's End Eternal - BLACK VINYL","BlankFor.ms - After The Town Was Swept Away LP",""
"TW-SW-V","LEAVING RECORDS - Dream Trio - TEST PRESSING","Time Wharp - Spiro World LP",""
"S-SATH","SUSS Across the Horizon Record Bag","SUSS - SUSS Across the Horizon Record Bag","gid://shopify/Product/10310471483707"
"TW-SW-SV","LEAVING RECORDS - Pass If Music - VINYL","Time Wharp - Spiro World LP",""
"SR-MPDC","Manic Pixie Dream Cunt T-Shirt","Shilpa Ray - Manic Pixie Dream Cunt T-Shirt","gid://shopify/Product/10310468829499"
"TW-SW-TPV","LEAVING RECORDS - Fresh Bread - LTD MAGENTA 2LP FRESH BREAD","Time Wharp - Spiro World LP",""
"TW-SW-RCV","LEAVING RECORDS - Fresh Bread - VINYL","Time Wharp - Spiro World LP",""
"X-W-12VL","LEAVING RECORDS - blueblue - Japan Compact Disc","Xyla - Ways LP",""
"LR-ONSB-ONSL","LEAVING RECORDS - Spiro World - VINYL","LARAAJI - Om Namah Shivayah / Be Still and Glow LP",""
"HOODIE-WSR-TLH","Talk Low Hoodie","Whited Sepulchre Records - Talk Low Hoodie","gid://shopify/Product/10310477578555"
"LR-49AF","LEAVING RECORDS - CLASSIC LEAVING RECORDS LOGO HAT","LEAVING RECORDS - 49 ALBUMS FOR MUSIC CENTERED PSYCHEDLIC INTEGRATION",""
"L-T-C","LEAVING RECORDS - Spiro World - SILVER VINYL","LARAAJI - Tonings Cassette",""
"LR-LC-CLC","LEAVING RECORDS - Spiro World - RANDOM COLOR VINYL","LARAAJI - Lotus Collage Cassette",""
"LR-ONSB-LBSA","LEAVING RECORDS - Spiro World - CASSETTE","LARAAJI - Om Namah Shivayah / Be Still and Glow LP",""
"CM-SSOW-LC","LEAVING RECORDS - Six Arrows for Naydra - CASSETTE","Cool Maritime - Some Sort of Wave Portal Cassette",""
"SI-NS-116","SUSS - Chisholm Trail b/w Aurora 7"" LP","SUSS - Chisholm Trail b/w Aurora LP","9947503952187"
"CM-SW-SWVL-1","LEAVING RECORDS - Opal Wand - CASSETTE: Opal Wand","Cool Maritime - Sharing Waves LP",""
"SW-OTSI-12VB","LEAVING RECORDS - Parlour Arcana - Parlour Arcana CASSETTE","Sam Wilkes - One Theme & Subsequent Improvisation Cassette",""
"TS-NS-137A","Instant Night ""The Screen Won't Stop Scrolling"" T-Shirt","Beauty Pill - Instant Night ""The Screen Won't Stop Scrolling"" T-Shirt","gid://shopify/Product/10310468272443"
"LR-UIP-CUIP","LEAVING RECORDS - Om Namah Shivayah / Be Still and Glow - Om Namah Shivaya LP, 1984","LARAAJI - Unicorns in Paradise Cassette",""
"L-AIOP-AIOP","LEAVING RECORDS - Om Namah Shivayah / Be Still and Glow - Laraaji - Be Still and Glow 3CS","LARAAJI - All In One Peace Cassette",""
"SG-A30-VC","LEAVING RECORDS - Fresh Bread - VINYL","Sam Gendel - AE-30 LP",""
"LR-BTSB","LEAVING RECORDS - All Genre Long-Sleeve (Black)","LEAVING RECORDS - LOGO BAG",""
"L-BS","LEAVING RECORDS - Lotus Collage - 3CS set: ""All In One Peace""","LARAAJI - BUMPER STICKER",""
"Z-B-SBE","LEAVING RECORDS - All In One Peace - All In One Peace 3CS Bundle","zeroh - BLQLYTE",""
"Z-SL-C","LEAVING RECORDS - Unicorns in Paradise - 3CS All In One Peace","zeroh - SUMLYTE Cassette",""
"WSR-TLPT","Talk Low ""Plant"" T-Shirt","Whited Sepulchre Records - Talk Low ""Plant"" T-Shirt","gid://shopify/Product/10310477316411"
"M-JSP-C","LEAVING RECORDS - Connecting with the Inner Healer Through - 3CS All In One Peace","MATTIE - Jupiter's Purse LP",""
"RPOSTER-WSR-035","Limited Edition Risograph ""Guides"" Poster","Mark Trecka - Limited Edition Risograph ""Guides"" Poster","gid://shopify/Product/10310483345723"
"GH-SSFI-CWWF","LEAVING RECORDS - And So It Is - TEST PRESSING VINYL","Green-House - Six Songs for Invisible Gardens LP",""
"LR125","LEAVING RECORDS - Jupiter's Purse - VINYL","Ras_G & The Afrikan Space Program - Stargate Music LP",""
"LR-AGLH","LEAVING RECORDS - All Genre Long-Sleeve (White)","LEAVING RECORDS - All Genre Levitation Handkerchief",""
"STAM-AV-AVC","LEAVING RECORDS - Meditations in Music - Meditations in Music Cassette","Surface to Air Missive - A V LP",""
"NH-S-SDV","LEAVING RECORDS - Of Compassion - CASSETTE","Nailah Hunter - Spells Cassette",""
"RTAS-RFV3-RFV3","LEAVING RECORDS - Galdre Visions - Galdre Visions VINYL","Ras_G & The Afrikan Space Program - Raw Fruit Vol. 3 & 4 LP",""
"AS-ASII-V","LEAVING RECORDS - For Dancing in Quiet Light - VINYL (BUMPER STICKER BUNDLE)","Aaron Shaw - And So It Is LP",""
"GH-AHFA-BV","LEAVING RECORDS - SHIRT","Green-House - A Host for All Kinds of Life LP",""
"M-OC-C","LEAVING RECORDS - Push - MARAL PUSH VINYL","Muwosi - Of Compassion Cassette",""
"NH-TPOD-MC","LEAVING RECORDS - Recent Futures - ((limited edition)) Recent Futures 12"" VINYL LP","Nailah Hunter - The Pavilion Of Dreams LP",""
"NH-TPOD-C","LEAVING RECORDS - DRAFT - $3.33 DRAFT CASSETTE","Nailah Hunter - The Pavilion Of Dreams LP",""
"NH-TPOD-TPV","LEAVING RECORDS - Timekeeper - VINYL","Nailah Hunter - The Pavilion Of Dreams LP",""
"NH-S-SC","LEAVING RECORDS - 2nd Draft - BLACK VINYL","Nailah Hunter - Spells Cassette",""
"C-SS-V","LEAVING RECORDS - Spells - CASSETTE","Colloboh - Saana Sahel EP LP",""
"C-ERE-L12V","LEAVING RECORDS - Spells - Spells Deluxe Vinyl","Colloboh - Entity Relation EP LP",""
"C-ERE-V","LEAVING RECORDS - The Pavilion Of Dreams - CASSETTE","Colloboh - Entity Relation EP LP",""
"SUSS-OFFICE-ABG-Bundle-LP","SUSS, 'A Better Ghost' Trio, Office Culture LP Bundle","Northern Spy Records - SUSS, 'A Better Ghost' Trio, Office Culture LP Bundle","gid://shopify/Product/10310467289403"
"C-ERE-C","LEAVING RECORDS - Spells - Spells Cassette","Colloboh - Entity Relation EP LP",""
"LR-DMTS","LEAVING RECORDS - LOGO BAG","LEAVING RECORDS - Dream Music T-shirt",""
"AD-PP-12VL","LEAVING RECORDS - Saana Sahel EP - VINYL (SMOKE)","Ami Dang - Parted Plains",""
"CNO-FEIS-TP","LEAVING RECORDS - Intergalactic Warp Terminal 222 - TEST PRESSING 2LP VINYL","Carlos Niño - Flutes, Echoes, It's All Happening! LP",""
"JFNK-H-V","LEAVING RECORDS - Meditations Mixtape, Vol. I - CASSETTE","J Foerster / N Kramer - Habitat LP",""
"SHIRT-WSR-RDRONE","WSR ""Reprobate Drone"" T-Shirt","Whited Sepulchre Records - WSR ""Reprobate Drone"" T-Shirt","gid://shopify/Product/10310477381947"
"JFNK-HI-BV","LEAVING RECORDS - Ami Dang Tote","J Foerster / N Kramer - Habitat II LP",""
"198704169588","LEAVING RECORDS - Flutes, Echoes, It's All Happening! - 12"" Vinyl edition","The Growth Eternal - Live At Susan's Cassette",""
"TGE-BTP-CBTP","LEAVING RECORDS - Carlos Niño & Friends - Live at The Worl - LTD LIVE AT THE WORLD STAGE CASSETTE","The Growth Eternal - Bass Tone Paintings Cassette",""
"TGE-P18-VEE","LEAVING RECORDS - Assortment for Susan's - CASSETTE (C80)","The Growth Eternal - PARASAiL-18 LP",""
"SI-SR-LYSC","Multi Colored Savage T-Shirt","Shilpa Ray - Multi Colored Savage T-Shirt","gid://shopify/Product/10310469058875"
"SI-SR-LYSK","Last Year's Savage Key Chain","Shilpa Ray - Last Year's Savage Key Chain","gid://shopify/Product/10310469157179"
"JFNK-HI-TSV","LEAVING RECORDS - Parted Plains - 12"" VINYL LP","J Foerster / N Kramer - Habitat II LP",""
"JFNK-HI-TP","LEAVING RECORDS - Forever In Your Sun - CASSETTE","J Foerster / N Kramer - Habitat II LP",""
"LR-K-LBKC","LEAVING RECORDS - Assortment for Susan's - Assortment for Susan's C80","Benedek - Kushel Cassette",""
"SG-A30-C","LEAVING RECORDS - AE-30 - VINYL","Sam Gendel - AE-30 LP",""
"D-B-BT","LEAVING RECORDS - Habitat - VINYL","devonwho - Betaloops Cassette",""
"CD-NS-105","SUSS - Ghost Box CD","SUSS - Ghost Box (Expanded) CD","9947502739771"
"D-HV-HV12","LEAVING RECORDS - Soft Echoes - VINYL (COLOR)","Dntel - Human Voice LP",""
"LR-AGLT","LEAVING RECORDS - LR HAT (Black)","LEAVING RECORDS - All Genre Levitation Tee",""
"KYVT-SE-SEC","LEAVING RECORDS - Soft Echoes - CASSETTE","Kemialliset Ystävät - SIIPI EMPII Cassette",""
"LILA-AV1","LILA लीला - Children of Infinity - CD in Recycled Paper Sleeve","Eternell - Nocturn I-V CD",""
"SI-NS-016","Zs – 33 2x7"" LP","Zs - 33 LP","9947496808763"
"BT-SAFN-C-1","LEAVING RECORDS - On Mushrooms - LTD CASSETTE","Black Taffy - Six Arrows for Naydra Cassette",""
"M-MM-C","LEAVING RECORDS - Hate In My Heart - limited edition cassette","Matthewdavid - Mycelium Music LP",""
"M-S","LEAVING RECORDS - A Meditation on Events in 2016 - Ltd. Cassette","Matthewdavid - MYCELIUM MUSIC SHIRT",""
"ME-SS-PV","LEAVING RECORDS - Perform the Compositions of Sam Wilkes & - TEST PRESSING VINYLS","more eaze - Strawberry Season LP",""
"LR-BSP","LEAVING RECORDS - The Original","LEAVING RECORDS - BUMPER STICKER",""
"A-ND-C","LEAVING RECORDS - Holiday Mystery Bundle - Orange","aNTOJE - Null Data Cassette",""
"M-U-U12V","LEAVING RECORDS - On Mushrooms - BLACK VINYL","Matthewdavid - Uncleared LP",""
"AC-CIP-TP","LEAVING RECORDS - PARASAiL-18 - VINYL (ESCAPE EDITION)","andrew cs - caught in pointers LP",""
"AC-C","LEAVING RECORDS - Bass Tone Paintings - CASSETTE: Bass Tone Paintings","andrew cs - ᵒ˶°´ Cassette",""
"LILA-AU2","LILA लीला - Audela - CD in Digisleeve","Eternell - Self (Flower of Life Edition) CD",""
"LR-CWTI-3AIO","LEAVING RECORDS - Unicorns in Paradise - CASSETTE: Unicorns In Paradise","LARAAJI - Connecting with the Inner Healer Through Music Cassette",""
"TP-KKV","King Krule Vinyl","True Panther - King Krule Vinyl","gid://shopify/Product/10310474563899"
"BT-SAFN-C","LEAVING RECORDS - Mycelium Music - 2LP MARBLED VINYL","Black Taffy - Six Arrows for Naydra Cassette",""
"LR-LAGC","LEAVING RECORDS - LR Reflective Ink Tote","LEAVING RECORDS - LR ALL GENRE CAP",""
"C-D-CB","LEAVING RECORDS - Elderberry - *Elderberry Cassette Edtion","Cakedog - Doggystyle Cassette",""
"LACD-IF-C","LEAVING RECORDS - Texture II - TEST PRESSING VINYL","Lionmilk and Club Diego - In Float Cassette",""
"BT-OW-COW","LEAVING RECORDS - yuk. - a n a k - yuk. a n a k VINYL","Black Taffy - Opal Wand Cassette",""
"WSR-TLRB","Talk Low ""Record Breakers"" Shirt","Whited Sepulchre Records - Talk Low ""Record Breakers"" Shirt","gid://shopify/Product/10310477283643"
"LILA-AV1-SE","LILA लीला - Elysia - CD in Recycled Paper Sleeve","Eternell - Nocturn I-V CD",""
"DPT-AS-V","LEAVING RECORDS - Some Sort of Wave Portal - Ltd. Cassette","Deantoni Parks, Technoself - A Self LP",""
"LR-MFSA-MBC3","LEAVING RECORDS - caught in pointers - TEST PRESSING","Sam Gendel & Sam Wilkes - Music for Saxofone and Bass Guitar LP",""
"C-D-DC","LEAVING RECORDS - White Magic - I'm Hiding My Nightingale - I'm Hiding My Nightingale ltd 10"" Vinyl","Cakedog - Doggystyle Cassette",""
"PURL-LP-01V-CD","Double Vinyl + Helix CD","Purl - Double Vinyl + Helix CD","gid://shopify/Product/10310465913147"
"CM-SW-SWVL","LEAVING RECORDS - Peace Bells - Peace Bells cassette","Cool Maritime - Sharing Waves LP",""
"TP-BSVE","Bliss Signal Vinyl EP","True Panther - Bliss Signal Vinyl EP","gid://shopify/Product/10310474137915"
"SW-OTSI-V","LEAVING RECORDS - Menace In The Phantom - CASSETTE BUNDLE","Sam Wilkes - One Theme & Subsequent Improvisation Cassette",""
"NT-NTTB","NNA Tapes Tote Bag","NNA Tapes - NNA Tapes Tote Bag","gid://shopify/Product/10310472237371"
"SW-LOTG-LOTG","LEAVING RECORDS - Doggystyle - DOGGYSTYLE CASSETTE","Sam Wilkes - Live on The Green LP",""
"SG-S-LCV","LEAVING RECORDS - blueblue - VINYL","Sam Gendel - SUPERSTORE LP",""
"JCK-MIM-MIMC","LEAVING RECORDS - Shared Waves - Cool Maritime - Shared Waves Remix Cassette","John Carroll Kirby - Meditations in Music Cassette",""
"SHIRT-WSR-TLS2024","Talk Low 2024 T-Shirt","Whited Sepulchre Records - Talk Low 2024 T-Shirt","gid://shopify/Product/10310477545787"
"EB-PB-PBC","LEAVING RECORDS - Zithertronics - CASSETTE","Elliot Bergman - Peace Bells Cassette",""
"ME-SS-PBV","LEAVING RECORDS - Cloud Suites - TAPE BUNDLE","more eaze - Strawberry Season LP",""
"NM-NT","Navy Tshirt","Nicole McCabe - Navy Tshirt","gid://shopify/Product/10310467060027"
"CH-T-V","LEAVING RECORDS - Raw Fruit Vol. 3 & 4 - Raw Fruit Vol. 3&4 2xLP","Celia Hollander - Timekeeper LP",""
"FDN-DN-WCWS","LEAVING RECORDS - Strawberry Season - VINYL","Fabiano do Nascimento - Das Nuvens LP",""
"CNO-AFSS-AFSS","LEAVING RECORDS - Intergalactic Warp Terminal 222 - BLACK 2LP VINYL","Carlos Niño - Assortment for Susan's Cassette",""
"SG-PIM-TP","LEAVING RECORDS - Dream Trio - RED VINYL","Sam Gendel - Pass If Music LP",""
"B-LL-LLLE","LEAVING RECORDS - One Theme & Subsequent Improvisation - VINYL","brin - loose leaf Cassette",""
"DPT-T-T12V","LEAVING RECORDS - BUNDLE: Sharing Waves VINYL + Shared Waves CASSETT","Deantoni Parks, Technoself - Technoself LP",""
"B-HG-ALSE","LEAVING RECORDS - One Theme & Subsequent Improvisation - VINYL","brin - Homescreen Glow CD",""
"SSC-SSC-SSC1","LEAVING RECORDS - Live on The Green - Live on The Green VINYL LP","Swan's Chamber - Swan's Chamber LP",""
"CH-2D-TP","LEAVING RECORDS - Down To Earth Vol. 2 - Ras G - Down To Earth Vol. 2 (The Standard Bap Edi","Celia Hollander - 2nd Draft LP",""
"LR-S2-DM2","LILA लीला - Waking Music - Limited Edition Double CD.","LEAVING RECORDS - SunPath 2 Cassette",""
"TS-YOTB","Year Of The Banana T-Shirt","Rubblebucket - Year Of The Banana T-Shirt","gid://shopify/Product/10310464766267"
"L-IWT2-T","LEAVING RECORDS - A Self - VINYL","Lionmilk - Intergalactic Warp Terminal 222 LP",""
"L-IHYA-C","LEAVING RECORDS - Deanthoven - ltd Cassette Edition","Lionmilk - I Hope You Are Well Cassette",""
"L-ARRW-LEC","LEAVING RECORDS - Homescreen Glow - a limited marbled cassette edition","Lionmilk - A Real Rain Will Come (re-release) Cassette",""
"AT-TM-TMV","LEAVING RECORDS - A V - 12"" Vinyl LP Edition","Asa Tone - Temporary Music LP",""
"L-IWT2-C2V","LEAVING RECORDS - Homescreen Glow - a limited standard edition","Lionmilk - Intergalactic Warp Terminal 222 LP",""
"JQT-LEIB","Limited Edition ""I Believe"" T-Shirt","Jesse Q-T - Limited Edition ""I Believe"" T-Shirt","gid://shopify/Product/10310477742395"
"L-IWT2-IC","LEAVING RECORDS - loose leaf - loose leaf limited edition cassette","Lionmilk - Intergalactic Warp Terminal 222 LP",""
"L-IWT2-B2V","LEAVING RECORDS - Swan's Chamber - Swan's Chamber 12"" Vinyl","Lionmilk - Intergalactic Warp Terminal 222 LP",""
"DD-Y-YV12","LEAVING RECORDS - Intergalactic Warp Terminal 222 - CASSETTE","ddust direct - youdecide LP",""
"LR-FEIS-12VE","LEAVING RECORDS - I Hope You Are Well - CASSETTE","Carlos Niño - Flutes, Echoes, It's All Happening! LP",""
"CNO-CNOF-LLAT","LEAVING RECORDS - A Real Rain Will Come (re-release) - Limited Edition Cassette","Carlos Niño - Carlos Niño & Friends - Live at The World Stage Cassette",""
"LR-YATS-DM2","LEAVING RECORDS - Ahnnu - Perception - ahnnu perception cassette","LEAVING RECORDS - Yasimin and the Snowflake Dragon Cassette",""
"CNO-AFSS-CC","LEAVING RECORDS - Intergalactic Warp Terminal 222 - CLEAR 2LP VINYL","Carlos Niño - Assortment for Susan's Cassette",""
"CNO-EIPO-C","LEAVING RECORDS - Intergalactic Warp Terminal 222 - INTERGALACTIC CASSETTE","Carlos Niño - Elysian Invocation / ""Pollen on the Earth"" Cassette",""
"LR-BSW-BSWL","LEAVING RECORDS - Flutes, Echoes, It's All Happening! - TEST PRESSING","Benedek - Bene's World LP",""
"SHIRT-WSR-CB-MEAU","""My Eyes Are Up Here"" T-shirt","Chelsea Bridge - ""My Eyes Are Up Here"" T-shirt","gid://shopify/Product/10310478332219"
"Z-BT","LEAVING RECORDS - Celestrana / Deep Chimes Meditation - Celestrana / Deep Chimes Meditation CASSETTE (arch","zeroh - BLQLYTE TEE",""
"JJ-IAP-C","LEAVING RECORDS - Elysian Invocation / ""Pollen on the Eart - CASSETTE","av moves - In A Pause Cassette",""
"G-BUNDLE","Girls / Christopher Owens Discography Vinyl Bundle + Patch","Girls - Girls / Christopher Owens Discography Vinyl Bundle + Patch","gid://shopify/Product/10310477054267"
"WSR-LETD","Limited Edition Tie-Dye WSR Fest '22 Shirt","Whited Sepulchre Records - Limited Edition Tie-Dye WSR Fest '22 Shirt","gid://shopify/Product/10310477480251"
"B-CE-C","LEAVING RECORDS - Kickinit Alone - 1/LP Green Vinyl","Benedek - Coolin' - EP Cassette",""
"LR-CE-BCC","LEAVING RECORDS - Kickinit Alone - 1/LP Black Vinyl","Benedek - Coolin' - EP Cassette",""
"TOTE-WSR-FEST","WSR Fest 22 Tote Bag","Whited Sepulchre Records - WSR Fest 22 Tote Bag","gid://shopify/Product/10310477414715"
"AD-ADT","LEAVING RECORDS - Entity Relation EP - VINYL","Ami Dang - Ami Dang Tote",""
"L-IHYA-LEC","LEAVING RECORDS - Meeting of Waters - Meeting of Waters ltd. CS","Lionmilk - I Hope You Are Well Cassette",""
"MM-PAA1","Printed Album Art (12x12) with download","Matt McBane - Printed Album Art (12x12) with download","gid://shopify/Product/10310466994491"
"GM-GE-GELE","LEAVING RECORDS - Kickinit Alone - Kiefer Kickinit Alone CASSETTE","Glia & Matthewdavid - Gliamd EP Cassette",""
"AC-CIP-V","LEAVING RECORDS - Live At Susan's - CASSETTE","andrew cs - caught in pointers LP",""
"CP-LSEE-CV-1","LEAVING RECORDS - Pulse - VINYL","Cole Pulice - Land's End Eternal LP",""
"SHIRT-WSR-044","""A Matinee"" T-Shirt","Lula Asplund - ""A Matinee"" T-Shirt","gid://shopify/Product/10310482460987"
"AC-CIP-C","LEAVING RECORDS - PARASAiL-18 - CASSETTE","andrew cs - caught in pointers LP",""
"SHIRT-WSR-044-1","""A Matinee"" T-Shirt","drowse - ""A Matinee"" T-Shirt","gid://shopify/Product/10310482624827"
"DE-E-C","LEAVING RECORDS - In A Pause - CASSETTE","droopy eye - Embruja Cassette",""
"AV-TG-C","LEAVING RECORDS - toso toso - VINYL","Aisha Vaughan - The Gate LP",""
"WTLS-U-C","LEAVING RECORDS - In A Pause - limited marbled green/white edition","William Tyler & Luke Schneider - Understand Cassette",""
"SI-WSR-005","Planning For Burial / Midwife Split 7"" LP","Planning For Burial - Planning for Burial / Midwife LP","9947316519227"
"LR-MFSA-C4E","LEAVING RECORDS - Kushel - LR134 Benedek - ""Kushel"" cassettes","Sam Gendel & Sam Wilkes - Music for Saxofone and Bass Guitar LP",""
"SHIRT-WSR-038","""Double Date"" T-Shirt","claire rousay - ""Double Date"" T-Shirt","gid://shopify/Product/10310482690363"
"LR-AP-APC","LEAVING RECORDS - High Wolf - Growing Wild - Growing Wild cassette","LEAVING RECORDS - Ahnnu - Perception LP",""
"LR137-1","LEAVING RECORDS - Doggystyle - CASSETTE BUNDLE","Sam Wilkes - WILKES Cassette",""
"LR-E-LC","LEAVING RECORDS - Collapse - Seiho LP","LEAVING RECORDS - evn Cassette",""
"DPT-D-LCE","LEAVING RECORDS - Sharing Waves - Sharing Waves VINYL LP (2nd edition, full-color ja","Deantoni Parks, Technoself - Deanthoven Cassette",""
"LR-VSTA-DF2G","LEAVING RECORDS - All Genre Levitation Tee (WHITE)","LEAVING RECORDS - Various - Stones Throw and Leaving Records Present: Dual Form LP",""
"LR-W-W","LEAVING RECORDS - Various - Stones Throw and Leaving Recor - Dual Form 2LP Gatefold VINYL","LEAVING RECORDS - Will2Change Cassette",""
"SGSW-TD-LP","LEAVING RECORDS - Coolin' - EP - Benedek Coolin' Cassette","Sam Gendel & Sam Wilkes - The Doober LP",""
"SGSW-TD-CS","LEAVING RECORDS - caught in pointers - VINYL","Sam Gendel & Sam Wilkes - The Doober LP",""
"TD-HF-C","LEAVING RECORDS - EXTRAVISION - EXTRACASSETTE","tp Dutchkiss - high functioning Cassette",""
"SGSW-MFSA-12V","LEAVING RECORDS - caught in pointers - CASSETTE","Sam Gendel & Sam Wilkes - Music for Saxofone and Bass Guitar More Songs LP",""
"LILA-IO1V","LILA लीला - Amorphous - CD in Digisleeve","Purl - Ancient Skies CD",""
"LR-MV-MVC","LEAVING RECORDS - evn - ltd. cassette","LEAVING RECORDS - Mudai Version Cassette",""
"SGSW-TD-TP","LEAVING RECORDS - ᵒ˶°´ - Cassette","Sam Gendel & Sam Wilkes - The Doober LP",""
"SG-B-IPC","LEAVING RECORDS - Live at Union Station - VINYL","Sam Gendel - blueblue LP",""
"LR-MFSA-MBC1","LEAVING RECORDS - Embruja - CASSETTE","Sam Gendel & Sam Wilkes - Music for Saxofone and Bass Guitar LP",""
"SGSW-TD-CJI","LEAVING RECORDS - Understand - CASSETTE","Sam Gendel & Sam Wilkes - The Doober LP",""
"LR-VSBS","LEAVING RECORDS - ALL GENRE PORTAL TEE","LEAVING RECORDS - VINYL SHIRT BUNDLE (SHORTSLEEVE)",""
"LS-MPPT-1","LEAVING RECORDS - Music for Saxofone and Bass Guitar - MIVS&BG OFFICIAL VINYL","Lord Spikeheart - MOSH PIT POWER Tee. Black",""
"TGE-P18-C","LEAVING RECORDS - Bliss On Dear Oneness - Limited Edition 12"" Vinyl LP","The Growth Eternal - PARASAiL-18 LP",""
"TN-TNTS","The Necks 'Three' shirt","The Necks - The Necks 'Three' shirt","gid://shopify/Product/10310470500667"
"SGSW-MFSA-CJ","LEAVING RECORDS - Music for Saxofone and Bass Guitar More - VINYL","Sam Gendel & Sam Wilkes - Music for Saxofone and Bass Guitar More Songs LP",""
"LR-TMTS","LEAVING RECORDS - All Genre Levitation Tee (Pepper)","LEAVING RECORDS - TREE MUSIC TEE (SCOUR)",""
"LR-TMTS-2","LEAVING RECORDS - ALL GENRE MAGIC DOOR (ATLANTIC GREEN)","LEAVING RECORDS - TREE MUSIC TEE (SCOUR)",""
"LR-49AF-1","LEAVING RECORDS - VINYL SHIRT BUNDLE (SHORTSLEEVE)","LEAVING RECORDS - 49 ALBUMS FOR MUSIC CENTERED PSYCHEDELIC INTEGRATION",""
"RTAS-DTEV-RGDT","LEAVING RECORDS - Jupiter's Purse - CASSETTE","Ras_G & The Afrikan Space Program - Down To Earth Vol. 2 LP",""
"SHIRT-WSR-MW-PR","""Promise Ring"" Long Sleeve T-Shirt","Midwife - ""Promise Ring"" Long Sleeve T-Shirt","gid://shopify/Product/10310482854203"
"M-IDTW","""I Don't Want To Live Forever"" T-Shirt","Midwife - ""I Don't Want To Live Forever"" T-Shirt","gid://shopify/Product/10310482788667"
"SG-FB-LM2F","LEAVING RECORDS - blueblue - INDIGO POUCH CASSETTE","Sam Gendel - Fresh Bread LP",""
"LILA-LUMIN1","LILA लीला - Stillpoint - Double Vinyl","Illuvia - Chandra's Dream CD",""
"WS0052R","Haekalu White Long Sleeve","Lord Spikeheart - Haekalu White Long Sleeve","gid://shopify/Product/10310466863419"
"LR-MP","LEAVING RECORDS - All Genre Levitation Handkerchief","LEAVING RECORDS - MILLENNIAL PINK",""
"SG-B-JCD","LEAVING RECORDS - Pass If Music - TEST PRESSING","Sam Gendel - blueblue LP",""
"SI-SR-DGT","Door Girl T-shirt","Shilpa Ray - Door Girl T-shirt","gid://shopify/Product/10310469026107"
"SWCW-SWCW-TPV","LEAVING RECORDS - Intercommunications - CASSETTE","Sam Wilkes, Craig Weinrib, and Dylan Day - Sam Wilkes, Craig Weinrib, and Dylan Day Cassette",""
"LR-LCC","LEAVING RECORDS - TOTE & BANDANA","LEAVING RECORDS - Leaving Classic Crewneck",""
"BT-EMLS","LEAVING RECORDS - Paraiso - EP - Paraiso Cassette","Black Taffy - Elder Mantis Long Sleeve",""
"CM-BSWV","LEAVING RECORDS - Elder Mantis - Elder Mantis 12"" VINYL","Cool Maritime - BUNDLE: Sharing Waves VINYL + Shared Waves CASSETTE",""
"GIRLS-PATCH","Girls Original Red Iron-on Chenille Patch","Girls - Girls Original Red Iron-on Chenille Patch","gid://shopify/Product/10310476824891"
"LS-FDIQ-V","LEAVING RECORDS - Ugh - WHITE VINYL","Luke Schneider - For Dancing in Quiet Light LP",""
"BB-TS-TS12","LEAVING RECORDS - Elder Mantis Long Sleeve","Brogan Bentley - The Snake LP",""
"SI-NS-T","NSPY Tote Bag","Northern Spy Records - NSPY Tote Bag","gid://shopify/Product/10310467256635"
"FC-MSLL","Bundle: Signed SPEED RUN CD + Sticker","Frost Children - Bundle: Signed SPEED RUN CD + Sticker","gid://shopify/Product/10310476202299"
"FH-BB-C","LEAVING RECORDS - BUNDLE: Going Home VINYL + Live at The World Stage","Francesca Heart - Bird Bath Cassette",""
"FDN-DN-BV","LEAVING RECORDS - Perform the Compositions of Sam Wilkes & - RECOMMENDATION EDITION CASSETTE","Fabiano do Nascimento - Das Nuvens LP",""
"GB-E-DC","LEAVING RECORDS - Sam Wilkes, Craig Weinrib, and Dylan Day - VINYL","Guy Blakeslee - EXTRAVISION LP",""
"GH-AHFA-C","LEAVING RECORDS - Incidental Scenes - CASSETTE","Green-House - A Host for All Kinds of Life LP",""
"LR-BGHV","LEAVING RECORDS - LR ALL GENRE VENN DIAGRAM LONG SLEEVE (WHITE)","LEAVING RECORDS - BUNDLE: Going Home VINYL + Live at The World Stage CASSETTE",""
"CD-NS-167","SUSS - Birds & Beasts CD","SUSS - Birds & Beasts LP","9947486552379"
"BDW-TI-BC","LEAVING RECORDS - Das Nuvens - TRANSLUCENT COLOR VINYL","Brin & Dustin Wong - Texture II LP",""
"NK-ASAS-C","LEAVING RECORDS - Om Bundle","N KRAMER - Altered Scenes and Slight Variations Cassette",""
"SG-B-BV","LEAVING RECORDS - A Host for All Kinds of Life - TRANSPARENT ORANGE CASSETTE","Sam Gendel - blueblue LP",""
"D-L-LT","LEAVING RECORDS - Colors - Colors CASSETTE","devonwho - Luz LP",""
"EM-T-CS","LEAVING RECORDS - After The Town Was Swept Away - TEST PRESSING","Eve Matin - TRANSMUTANCIA Cassette",""
"MBL-G-G","É GRAU","MC Bin Laden - É GRAU LP","gid://shopify/Product/10310477218107"
"SCD-SCD-LP","LEAVING RECORDS - Subtle Movements - 2LP VINYL","Sam Wilkes, Craig Weinrib, and Dylan Day - Sam Wilkes, Craig Weinrib, and Dylan Day Cassette",""
"JCJ-IAP-LMGW","LEAVING RECORDS - Going Home - Going Home VINYL","av moves - In A Pause Cassette",""
"SG-LAUS-V","LEAVING RECORDS - Delight - CASSETTE","Sam Gendel - Live at Union Station LP",""
"SG-S-C","LEAVING RECORDS - AE-30 - CASSETTE","Sam Gendel - SUPERSTORE LP",""
"SG-A30-V","LEAVING RECORDS - Delight - VINYL","Sam Gendel - AE-30 LP",""
"NK-A-LC10","LEAVING RECORDS - SAUCO - CASSETTE","noah klein - Arches",""
"NG-MBTT-TB","LEAVING RECORDS - Music Belongs To The Universe - BLACK VINYL","Nico Georis - Music Belongs To The Universe LP",""
"NG-PMV3-PMTB","LEAVING RECORDS - Music Belongs To The Universe - TAPE","Nico Georis - Plant Music Vol.3 - The Golden Teachers LP",""
"NG-PMV1-PMVB","LEAVING RECORDS - Plant Music Vol.3 - The Golden Teachers - VINYL","Nico Georis - Plant Music Vol 1 - Shirley Shirley Shirley! LP",""
"LS-FDIQ-C","LEAVING RECORDS - Ugh - BLACK VINYL","Luke Schneider - For Dancing in Quiet Light LP",""
"GH-MFLS-WSV","LEAVING RECORDS - The Haunted House - CASSETTE","Green-House - Music for Living Spaces LP",""
"AV-TG-V","LEAVING RECORDS - EXTRAVISION - TEST PRESSING VINYL","Aisha Vaughan - The Gate LP",""
"SZ-SL-C","LEAVING RECORDS - toso toso - TEST PRESSING VINYL","Spencer Zahn - Statues Live Cassette",""
"CP-LSEE-C","LEAVING RECORDS - Statues Live - CASSETTE","Cole Pulice - Land's End Eternal LP",""
"HTN-U-V","LEAVING RECORDS - Land's End Eternal - VINYL","Harry the Nightgown - Ugh LP",""
"X-W-WC","LEAVING RECORDS - blueblue - COMPACT DISC (JAPAN EDITION)","Xyla - Ways LP",""
"LR-LC-3SAI","LEAVING RECORDS - Tonings - CASSETTE","LARAAJI - Lotus Collage Cassette",""
"O-CEAE-CEAE","choke enough (Anniversary Edition)","Oklou - choke enough (Anniversary Edition) LP","gid://shopify/Product/10310474989883"
"LR-CWTI-CCWT","LEAVING RECORDS - Ways - Ways Cassette","LARAAJI - Connecting with the Inner Healer Through Music Cassette",""
"BF-ATTW-V","LEAVING RECORDS - Land's End Eternal - TEST PRESSING","BlankFor.ms - After The Town Was Swept Away LP",""
"BM-YNM-C","LEAVING RECORDS - Land's End Eternal - CASSETTE","BlankFor.ms - Yours Not Mine Cassette",""
"LR-CDCM-CDCM","LEAVING RECORDS - Connecting with the Inner Healer Through - CASSETTE - Connecting with the Inner Healer Throug","LARAAJI - Celestrana / Deep Chimes Meditation Cassette",""
"M-P-MPV","LEAVING RECORDS - SUMLYTE - CASSETTE","Maral - Push LP",""
"DTPG-THH-C","LEAVING RECORDS - For Dancing in Quiet Light - VINYL","Diva & The Pearly Gates - The Haunted House LP",""
"AS-ASII-TPV","LEAVING RECORDS - STICKER SET","Aaron Shaw - And So It Is LP",""
"LR-T-TC","LEAVING RECORDS - Sun Zither - CASSETTE","LARAAJI - Tonings Cassette",""
"LR167","LEAVING RECORDS - Sun Zither - Sun Zither CASEETTE (archival, 1984)","zeroh - BLQLYTE",""
"SR-ISAS","It's All Self Fellatio T-Shirt","Shilpa Ray - It's All Self Fellatio T-Shirt","gid://shopify/Product/10310469124411"
"LR159","LEAVING RECORDS - Mijin - VINYL","Green-House - Six Songs for Invisible Gardens LP",""
"LR-LT","LEAVING RECORDS - LISTEN TO MUSIC OUTSIDE IN THE DAYLIGHT UNDER A TR","LEAVING RECORDS - LR TOTE",""
"GH-SE-SEC","LEAVING RECORDS - And So It Is - MARBLED VINYL","Green-House - Solar Editions Cassette",""
"GV-GV-GVV","LEAVING RECORDS - BUMPER STICKER","Galdre Visions - Galdre Visions LP",""
"M-GG-V","LEAVING RECORDS - BLQLYTE - BLQLYTE 12"" VINYL","Maral - Ground Groove LP",""
"GH-AHFA-TOV","LEAVING RECORDS - Music for Living Spaces - WILDFLOWER SPLATTER VINYL","Green-House - A Host for All Kinds of Life LP",""
"GH-AHFA-12VT","LEAVING RECORDS - Six Songs for Invisible Gardens - 12"" Vinyl LP","Green-House - A Host for All Kinds of Life LP",""
"C-SS-VS","LEAVING RECORDS - The Pavilion Of Dreams - MARBLED CASSETTE","Colloboh - Saana Sahel EP LP",""
"M-GG-VM","LEAVING RECORDS - BLQLYTE - LIMITED SILVER MARBLE VINYL","Maral - Ground Groove LP",""
"CH-RF-LERF","LEAVING RECORDS - Ground Groove - VINYL (MARBLED)","Celia Hollander - Recent Futures LP",""
"LR-D-333D","LEAVING RECORDS - Ground Groove - VINYL (MARBLED SMOKE & BLACK)","Celia Hollander - DRAFT Cassette",""
"TW-SW-C","LEAVING RECORDS - SUPERSTORE - CASSETTE","Time Wharp - Spiro World LP",""
"NH-S-C","LEAVING RECORDS - The El-Aylien Tapes - El_Aylien tapes Vol.1&2 VINYL","Nailah Hunter - Spells Cassette",""
"CH-2D-BV","LEAVING RECORDS - Stargate Music - Stargate Music LP","Celia Hollander - 2nd Draft LP",""
"GH-SSFI-LCIW","LEAVING RECORDS - Six Songs for Invisible Gardens - CASSETTE w/Wild Flower Seeds","Green-House - Six Songs for Invisible Gardens LP",""
"WBS-TMTS","""Unification"" T-Shirt","WHITE BOY SCREAM - ""Unification"" T-Shirt","gid://shopify/Product/10310478692667"
"S-SBPT","Steel Blue Promise Tee","SUSS - Steel Blue Promise Tee","gid://shopify/Product/10310471352635"
"C-ERE-VB","LEAVING RECORDS - The Pavilion Of Dreams - VINYL","Colloboh - Entity Relation EP LP",""
"S-BBST","BIrds & Beast Skull Tee","SUSS - BIrds & Beast Skull Tee","gid://shopify/Product/10310471418171"
"AJ-D-V","LEAVING RECORDS - A Host for All Kinds of Life - CASSETTE","Arushi Jain - Delight LP",""
"AJ-D-C-1","LEAVING RECORDS - A Host for All Kinds of Life - BLACK VINYL","Arushi Jain - Delight LP",""
"M-FIYS-C","LEAVING RECORDS - Entity Relation EP - VINYL BUNDLE","Mndsgn. - Forever In Your Sun Cassette",""
"C-SSE-VB","LEAVING RECORDS - The Pavilion Of Dreams - TEST PRESSING VINYL","Colloboh - Saana Sahel EP LP",""
"AJ-D-TPV","LEAVING RECORDS - A Host for All Kinds of Life - TRANSPARENT ORANGE VINYL","Arushi Jain - Delight LP",""
"AJ-D-C","LEAVING RECORDS - A Host for All Kinds of Life - 12"" VINYL TEST PRESSING","Arushi Jain - Delight LP",""
"M-OM-C","LEAVING RECORDS - Soft Echoes - TEST PRESSING","Matthewdavid - On Mushrooms LP",""
"K-C-CC","LEAVING RECORDS - Saana Sahel EP - VINYL BUNDLE","Kara-Do - Colors Cassette",""
"LR-TMTS-1","LEAVING RECORDS - Yasimin and the Snowflake Dragon - Dream Music 2CS","LEAVING RECORDS - TREE MUSIC TEE - SLATE",""
"SS-SE-LP","LEAVING RECORDS - Habitat II - TEST PRESSING","Sharada Shashidhar - Soft Echoes LP",""
"LR-LRH","LEAVING RECORDS - All Genre Magic Door Tee (Butter)","LEAVING RECORDS - LEAVING RECORDS HAT",""
"SS-SE-CS","LEAVING RECORDS - Luz - Luz Tape !`","Sharada Shashidhar - Soft Echoes LP",""
"SS-R-REC","LEAVING RECORDS - Betaloops - betaloops tape","Sharada Shashidhar - Rahu Cassette",""
"SS-SE-TP","LEAVING RECORDS - Offworld - Offworld CASSETTE","Sharada Shashidhar - Soft Echoes LP",""
"M-TTGA-DC","LEAVING RECORDS - Rahu - CASSETTE","Matthewdavid - Trust the Guide and Glide Cassette",""
"S-ACFT","Ambient Country Festival Tee","SUSS - Ambient Country Festival Tee","gid://shopify/Product/10310471287099"
"JFNK-H-NJV","LEAVING RECORDS - ~~~ - ~~~ CASSETTE","J Foerster / N Kramer - Habitat LP",""
"SS-SE-LPX","LEAVING RECORDS - Habitat - NO JACKET VINYL","Sharada Shashidhar - Soft Echoes LP",""
"M-OM-LOV","LEAVING RECORDS - Mazal - MAZAL 12"" VINYL LP","Matthewdavid - On Mushrooms LP",""
"CM-AATS","Ashes/Axis T-shirt","Cuddle Magic - Ashes/Axis T-shirt","gid://shopify/Product/10310470041915"
"YFT-M-M12V","LEAVING RECORDS - Lyon - EP - ltd. Cassette","YUNGMORPHEUS & Fumitake Tamura - Mazal LP",""
"MSM-AMOE-LC","LEAVING RECORDS - SIIPI EMPII - SIIPI EMPII Cassette","Matthewdavid - A Meditation on Events in 2016 Cassette",""
"D-HIMH-HIMH","LEAVING RECORDS - Soft Echoes - VINYL (BLACK)","Dntel - Hate In My Heart Cassette",""
"FE-TNIF-FE12","LEAVING RECORDS - Luz - *12"" Vinyl LP","Flaunt Edwards - The Name Is Flaunt LP",""
"M-DI-DILC","LEAVING RECORDS - Trust the Guide and Glide - DOUBLE CASSETTE","Matthewdavid - DISK II Cassette",""
"M-U-C","LEAVING RECORDS - On Mushrooms - CASSETTE","Matthewdavid - Uncleared LP",""
"M-MM-2MV","LEAVING RECORDS - Uncleared - UNCLEARED 12"" VINYL (HABENERO ORANGE)","Matthewdavid - Mycelium Music LP",""
"LR-AGB","LEAVING RECORDS - TREE MUSIC TEE (SCOUR)","LEAVING RECORDS - ALL GENRE BANDANA",""
"M-U-V","LEAVING RECORDS - Mycelium Music - CASSETTE","Matthewdavid - Uncleared LP",""
"STAM-AV-12VL","LEAVING RECORDS - WILKES - LIMITED EDITION WILKES CASSETTE","Surface to Air Missive - A V LP",""
"M-OM-LT","LEAVING RECORDS - Uncleared - UNCLEARED CASSETTE","Matthewdavid - On Mushrooms LP",""
"B-HG-ALMC","LEAVING RECORDS - The Snake - The Snake 12"" VINYL","brin - Homescreen Glow CD",""