"warehouse_product_id","shopify_product_id","vendor","title","created_at","action","error"
"20191b25-9639-45a7-b436-c82c694e2084","gid://shopify/Product/10347307860283","Northern Spy Records","Northern Spy Records - Nipomo","2026-04-19T04:35:01.605476+00:00","would_archive",""
"5181fe08-104d-44d0-b864-8ac4809efeb6","gid://shopify/Product/10347765498171","Northern Spy Records","Northern Spy Records - Nipomo","2026-04-19T04:35:03.024346+00:00","would_archive",""
"bee500f3-af27-4935-90fb-51952c6c205b","gid://shopify/Product/10347222991163","Northern Spy Records","Northern Spy Records - Potted Iris Longsleeve","2026-04-19T04:35:03.716434+00:00","would_archive",""
"a134c2f9-7dcd-40a1-b955-fe0a13c28094","gid://shopify/Product/10347223023931","Northern Spy Records","Northern Spy Records - Nipomo","2026-04-19T04:35:03.855066+00:00","would_archive",""
"15e4ade7-0c74-4573-bf27-b8555112996f","gid://shopify/Product/10347223089467","Northern Spy Records","Shilpa Ray - Paisley","2026-04-19T04:35:03.965384+00:00","would_archive",""
"220b93f3-2229-4e19-998e-e6efbd65db4d","gid://shopify/Product/10347223122235","Northern Spy Records","The Usaisamonster - RIP","2026-04-19T04:35:04.080291+00:00","would_archive",""
"cbf95d96-fa55-4d40-b593-eedf2388374a","gid://shopify/Product/10347223187771","Northern Spy Records","The Usaisamonster - Lost and Found","2026-04-19T04:35:04.192922+00:00","would_archive",""
"246bc110-2808-47dc-b367-3a1a80e9b5ab","gid://shopify/Product/10347223220539","Northern Spy Records","cloud becomes your hand - Rest In Fleas","2026-04-19T04:35:04.322739+00:00","would_archive",""
"a855de23-4b94-4ec5-b7e9-da520845c554","gid://shopify/Product/10347245273403","Northern Spy Records","Northern Spy Records - Potted Iris Longsleeve","2026-04-19T04:35:10.651411+00:00","would_archive",""
"bb122af7-f377-4d3d-a649-e8b733d0bbae","gid://shopify/Product/10347245371707","Northern Spy Records","Northern Spy Records - Nipomo","2026-04-19T04:35:10.77428+00:00","would_archive",""
"85267a2d-cce1-43d6-9ef5-bbe278a1841b","gid://shopify/Product/10347245404475","Northern Spy Records","Shilpa Ray - Paisley","2026-04-19T04:35:10.895426+00:00","would_archive",""
"56f50a21-ce33-44ed-9fe8-33467b2ac390","gid://shopify/Product/10347245437243","Northern Spy Records","The Usaisamonster - RIP","2026-04-19T04:35:11.017757+00:00","would_archive",""
"c23d7417-7b4e-4689-8984-5044ad6a874c","gid://shopify/Product/10347245502779","Northern Spy Records","The Usaisamonster - Lost and Found","2026-04-19T04:35:11.155419+00:00","would_archive",""
"05ec768d-b7fb-42e8-b0f2-6181a2c171da","gid://shopify/Product/10347245535547","Northern Spy Records","cloud becomes your hand - Rest In Fleas","2026-04-19T04:35:11.285128+00:00","would_archive",""
"49ba0953-cd6d-48bc-b508-5649c29c2aa0","gid://shopify/Product/10347274076475","Northern Spy Records","Northern Spy Records - Potted Iris Longsleeve","2026-04-19T04:35:16.93298+00:00","would_archive",""
"7324d522-41f2-4985-8613-2a6b0f6a6fab","gid://shopify/Product/10347274174779","Northern Spy Records","Northern Spy Records - Nipomo","2026-04-19T04:35:17.080992+00:00","would_archive",""
"a1062602-1752-4c9a-b97f-557788c87b4c","gid://shopify/Product/10347274207547","Northern Spy Records","Shilpa Ray - Paisley","2026-04-19T04:35:17.221142+00:00","would_archive",""
"d28f66cd-ec91-459f-b145-d145c22b004d","gid://shopify/Product/10347274240315","Northern Spy Records","The Usaisamonster - RIP","2026-04-19T04:35:17.379279+00:00","would_archive",""
"89240b10-fb84-4428-acb1-053ab623e58c","gid://shopify/Product/10347274338619","Northern Spy Records","The Usaisamonster - Lost and Found","2026-04-19T04:35:17.537261+00:00","would_archive",""
"e9b3c8e3-8ae1-43a0-945d-b2312c8031c5","gid://shopify/Product/10347274404155","Northern Spy Records","cloud becomes your hand - Rest In Fleas","2026-04-19T04:35:17.663209+00:00","would_archive",""
"e2fc1f6f-adbf-4e4a-840a-f81485261241","gid://shopify/Product/10347291410747","Northern Spy Records","Northern Spy Records - Potted Iris Longsleeve","2026-04-19T04:35:23.071537+00:00","would_archive",""
"4ae9cdbe-1f68-4d83-8309-27abc62bdccb","gid://shopify/Product/10347291443515","Northern Spy Records","Northern Spy Records - Nipomo","2026-04-19T04:35:23.188287+00:00","would_archive",""
"769efb99-ea69-4610-8041-df8248f13aa4","gid://shopify/Product/10347291476283","Northern Spy Records","Shilpa Ray - Paisley","2026-04-19T04:35:23.327445+00:00","would_archive",""
"c422925b-e9dd-4d4f-a914-917e333d81e6","gid://shopify/Product/10347291541819","Northern Spy Records","The Usaisamonster - RIP","2026-04-19T04:35:23.452358+00:00","would_archive",""
"b7185405-07a0-4710-8533-c03acbdd73a6","gid://shopify/Product/10347291607355","Northern Spy Records","The Usaisamonster - Lost and Found","2026-04-19T04:35:23.566033+00:00","would_archive",""
"c9cc0a10-fbf6-4de8-9195-c40c62d4b082","gid://shopify/Product/10347291672891","Northern Spy Records","cloud becomes your hand - Rest In Fleas","2026-04-19T04:35:23.686065+00:00","would_archive",""
"01ade261-cb38-4c69-9439-a68aeaa3584d","gid://shopify/Product/10347307827515","Northern Spy Records","Northern Spy Records - Potted Iris Longsleeve","2026-04-19T04:35:26.760373+00:00","would_archive",""
"62a0cfcc-05d4-4eb3-a96d-7b9e4dd7a3e5","gid://shopify/Product/10347307893051","Northern Spy Records","Shilpa Ray - Paisley","2026-04-19T04:35:26.917944+00:00","would_archive",""
"86b0080d-94ff-4df8-9562-71360d718ef3","gid://shopify/Product/10347307925819","Northern Spy Records","The Usaisamonster - RIP","2026-04-19T04:35:27.046456+00:00","would_archive",""
"60eb150a-c0f0-4796-8e3a-47d4e6dbf547","gid://shopify/Product/10347307958587","Northern Spy Records","The Usaisamonster - Lost and Found","2026-04-19T04:35:27.186118+00:00","would_archive",""
"5f093748-d83f-4b94-aaa2-12fd305353bc","gid://shopify/Product/10347307991355","Northern Spy Records","cloud becomes your hand - Rest In Fleas","2026-04-19T04:35:27.310597+00:00","would_archive",""
"538f55da-bdd1-428d-871d-14de8dc4adf1","gid://shopify/Product/10347324670267","Northern Spy Records","Northern Spy Records - Potted Iris Longsleeve","2026-04-19T04:35:32.555488+00:00","would_archive",""
"bceaa059-5539-4d1c-93e0-67ad929d98ec","gid://shopify/Product/10347324735803","Northern Spy Records","Northern Spy Records - Nipomo","2026-04-19T04:35:32.670738+00:00","would_archive",""
"6e8432a8-1521-45f7-a627-15760be798f1","gid://shopify/Product/10347324768571","Northern Spy Records","Shilpa Ray - Paisley","2026-04-19T04:35:32.79358+00:00","would_archive",""
"5a4f06a8-8acf-47b4-b0f1-b1ee0799722a","gid://shopify/Product/10347324801339","Northern Spy Records","The Usaisamonster - RIP","2026-04-19T04:35:32.923281+00:00","would_archive",""
"ed0a5c35-df91-4a4c-9b8a-ec25460f1af1","gid://shopify/Product/10347324866875","Northern Spy Records","The Usaisamonster - Lost and Found","2026-04-19T04:35:33.063404+00:00","would_archive",""
"5851df3b-f49e-4419-af60-a3e26311a752","gid://shopify/Product/10347324932411","Northern Spy Records","cloud becomes your hand - Rest In Fleas","2026-04-19T04:35:33.185133+00:00","would_archive",""
"bc908c57-fec2-4d88-a287-f711ef5b00d3","gid://shopify/Product/10347337482555","Northern Spy Records","Northern Spy Records - Potted Iris Longsleeve","2026-04-19T04:35:39.807869+00:00","would_archive",""
"c7bd7a3e-6fab-42de-9808-daf4577bf9db","gid://shopify/Product/10347337515323","Northern Spy Records","Northern Spy Records - Nipomo","2026-04-19T04:35:39.945377+00:00","would_archive",""
"259c9341-504e-44a9-b36a-333cf0b8a7ba","gid://shopify/Product/10347337548091","Northern Spy Records","Shilpa Ray - Paisley","2026-04-19T04:35:40.080374+00:00","would_archive",""
"23b985bc-4d85-4117-9147-defe2e2d8f98","gid://shopify/Product/10347337580859","Northern Spy Records","The Usaisamonster - RIP","2026-04-19T04:35:40.200432+00:00","would_archive",""
"06effbec-7e7c-4f47-8072-632a9b6a346c","gid://shopify/Product/10347337613627","Northern Spy Records","The Usaisamonster - Lost and Found","2026-04-19T04:35:40.351471+00:00","would_archive",""
"051037ad-397c-4f94-8ce2-0824c7bc6d11","gid://shopify/Product/10347337679163","Northern Spy Records","cloud becomes your hand - Rest In Fleas","2026-04-19T04:35:40.486773+00:00","would_archive",""
"06afb63b-89d8-46b0-b04f-b0221fd508c0","gid://shopify/Product/10347592057147","Northern Spy Records","Northern Spy Records - Potted Iris Longsleeve","2026-04-19T04:35:45.487323+00:00","would_archive",""
"ce882a67-a9eb-49f6-a242-e73ce352b571","gid://shopify/Product/10347592122683","Northern Spy Records","Northern Spy Records - Nipomo","2026-04-19T04:35:45.616161+00:00","would_archive",""
"ba0bb4f0-de81-4f4e-b1dc-7727b80a1a52","gid://shopify/Product/10347592188219","Northern Spy Records","The Usaisamonster - RIP","2026-04-19T04:35:45.739004+00:00","would_archive",""
"be17c41d-166b-40d7-a916-f3d65b291a2e","gid://shopify/Product/10347592155451","Northern Spy Records","Shilpa Ray - Paisley","2026-04-19T04:35:45.99933+00:00","would_archive",""
"b6ae5004-cea9-4cc6-aa99-6f4ddb9fda49","gid://shopify/Product/10347592253755","Northern Spy Records","The Usaisamonster - Lost and Found","2026-04-19T04:35:46.138425+00:00","would_archive",""
"313d64b3-0a12-46cd-9c3d-006fbc98b00f","gid://shopify/Product/10347592286523","Northern Spy Records","cloud becomes your hand - Rest In Fleas","2026-04-19T04:35:46.289446+00:00","would_archive",""
"e12f474b-da20-4011-bad4-5acac49164ef","gid://shopify/Product/10347641602363","Northern Spy Records","Northern Spy Records - Nipomo","2026-04-19T04:35:51.174432+00:00","would_archive",""
"9498fa8c-be7a-4420-a346-4d18f8a30353","gid://shopify/Product/10347641635131","Northern Spy Records","Shilpa Ray - Paisley","2026-04-19T04:35:51.31963+00:00","would_archive",""
"8cb117d3-d20a-46e9-855d-c91908cbc68c","gid://shopify/Product/10347641536827","Northern Spy Records","Northern Spy Records - Potted Iris Longsleeve","2026-04-19T04:35:51.460495+00:00","would_archive",""
"76897c3b-bdbf-46f6-a68a-ca11a354bfb6","gid://shopify/Product/10347641733435","Northern Spy Records","The Usaisamonster - Lost and Found","2026-04-19T04:35:51.574331+00:00","would_archive",""
"faa831c9-4321-49a6-81d3-b513fafd972f","gid://shopify/Product/10347641700667","Northern Spy Records","The Usaisamonster - RIP","2026-04-19T04:35:51.691352+00:00","would_archive",""
"12ecbddc-d160-44bf-b4db-1e8b9c346bcc","gid://shopify/Product/10347641766203","Northern Spy Records","cloud becomes your hand - Rest In Fleas","2026-04-19T04:35:51.805809+00:00","would_archive",""
"d84de893-6c86-4ada-9748-58757698b74d","gid://shopify/Product/10347701436731","Northern Spy Records","Northern Spy Records - Potted Iris Longsleeve","2026-04-19T04:35:54.513229+00:00","would_archive",""
"d80ecefa-6c12-478c-b731-3692be71bd54","gid://shopify/Product/10347701469499","Northern Spy Records","Northern Spy Records - Nipomo","2026-04-19T04:35:54.637967+00:00","would_archive",""
"6fc1aef6-7c77-4fba-b5ba-4128c13833fd","gid://shopify/Product/10347701535035","Northern Spy Records","Shilpa Ray - Paisley","2026-04-19T04:35:54.779436+00:00","would_archive",""
"8e8f4648-2782-4b19-9198-1a1ed96053fe","gid://shopify/Product/10347701567803","Northern Spy Records","The Usaisamonster - RIP","2026-04-19T04:35:54.899933+00:00","would_archive",""
"4c4a8e69-f439-4b3e-b0ae-e5c7e92ea5b3","gid://shopify/Product/10347701731643","Northern Spy Records","The Usaisamonster - Lost and Found","2026-04-19T04:35:55.03969+00:00","would_archive",""
"c42f9237-e031-4366-95b4-a27b8dbf06d4","gid://shopify/Product/10347701797179","Northern Spy Records","cloud becomes your hand - Rest In Fleas","2026-04-19T04:35:55.154989+00:00","would_archive",""
"5583fe40-14fb-4dba-a7c7-c4557e13dbe8","gid://shopify/Product/10347765465403","Northern Spy Records","Northern Spy Records - Potted Iris Longsleeve","2026-04-19T04:36:00.17368+00:00","would_archive",""
"60f9ed11-ca1d-4552-a2b6-f6d24c4967ea","gid://shopify/Product/10347765530939","Northern Spy Records","Shilpa Ray - Paisley","2026-04-19T04:36:00.304443+00:00","would_archive",""
"fc04f1c7-4143-4360-8418-d5d456b1e5fb","gid://shopify/Product/10347765563707","Northern Spy Records","The Usaisamonster - RIP","2026-04-19T04:36:00.428158+00:00","would_archive",""
"c5a263a9-f4ee-4472-8c88-a756006a08c2","gid://shopify/Product/10347765760315","Northern Spy Records","The Usaisamonster - Lost and Found","2026-04-19T04:36:00.553988+00:00","would_archive",""
"6f54e3bb-edee-4a70-b18b-7ef94bdd6969","gid://shopify/Product/10347765825851","Northern Spy Records","cloud becomes your hand - Rest In Fleas","2026-04-19T04:36:00.678047+00:00","would_archive",""
"86c096b8-c85f-4258-ad46-016b1f14ed0d","gid://shopify/Product/10348294209851","Northern Spy Records","Northern Spy Records - Nipomo","2026-04-19T04:36:07.577577+00:00","would_archive",""
"302aba30-7ec0-4f2b-81a6-688bbe7fe920","gid://shopify/Product/10348294177083","Northern Spy Records","Northern Spy Records - Potted Iris Longsleeve","2026-04-19T04:36:07.728111+00:00","would_archive",""
"f97761a8-d869-4cc0-8701-771ffbc52a78","gid://shopify/Product/10348294373691","Northern Spy Records","Shilpa Ray - Paisley","2026-04-19T04:36:07.849688+00:00","would_archive",""
"690d2a88-219c-4882-9278-ba7356ee9bee","gid://shopify/Product/10348294799675","Northern Spy Records","cloud becomes your hand - Rest In Fleas","2026-04-19T04:36:07.977635+00:00","would_archive",""
"f84986bb-6166-41f3-b908-ee1eb6510af0","gid://shopify/Product/10348294766907","Northern Spy Records","The Usaisamonster - Lost and Found","2026-04-19T04:36:08.181548+00:00","would_archive",""
"c4d203fd-66ad-4b56-b2b5-5108597ac103","gid://shopify/Product/10348294439227","Northern Spy Records","The Usaisamonster - RIP","2026-04-19T04:36:08.321472+00:00","would_archive",""
"5561ee6e-d140-46bc-8f3d-8ca8bea06444","gid://shopify/Product/10348355944763","Northern Spy Records","Northern Spy Records - Potted Iris Longsleeve","2026-04-19T04:36:12.918299+00:00","would_archive",""
"74d58780-4929-420d-9dcc-ac7753e471a0","gid://shopify/Product/10348356043067","Northern Spy Records","The Usaisamonster - RIP","2026-04-19T04:36:13.246817+00:00","would_archive",""
"a6920b76-624d-447a-a36d-dc88cc3bb4a8","gid://shopify/Product/10348355977531","Northern Spy Records","Northern Spy Records - Nipomo","2026-04-19T04:36:13.404687+00:00","would_archive",""
"2f412eef-c88a-4e88-ba3d-da3bd93bd6f8","gid://shopify/Product/10348356010299","Northern Spy Records","Shilpa Ray - Paisley","2026-04-19T04:36:13.534084+00:00","would_archive",""
"72f330a1-38bd-4465-9e00-f567f66f68f7","gid://shopify/Product/10348356108603","Northern Spy Records","The Usaisamonster - Lost and Found","2026-04-19T04:36:13.669565+00:00","would_archive",""
"298ee4f3-6930-488e-995a-da6ff2665d4d","gid://shopify/Product/10348356174139","Northern Spy Records","cloud becomes your hand - Rest In Fleas","2026-04-19T04:36:13.98224+00:00","would_archive",""
"0946255f-ac0c-4d06-bacc-a2818f5fd2cd","gid://shopify/Product/10348393038139","Northern Spy Records","Northern Spy Records - Nipomo","2026-04-19T04:36:16.51593+00:00","would_archive",""
"0bd55abb-84e9-4dbf-9bbf-815948b61b7f","gid://shopify/Product/10348393169211","Northern Spy Records","The Usaisamonster - Lost and Found","2026-04-19T04:36:16.642392+00:00","would_archive",""
"6431327d-a20c-4133-ba49-18d078088798","gid://shopify/Product/10348393005371","Northern Spy Records","Northern Spy Records - Potted Iris Longsleeve","2026-04-19T04:36:16.778786+00:00","would_archive",""
"c7adcb3e-9407-4ba9-8143-f1e514920e5b","gid://shopify/Product/10348393201979","Northern Spy Records","cloud becomes your hand - Rest In Fleas","2026-04-19T04:36:16.921911+00:00","would_archive",""
"727cb15d-fe9a-4bd1-a9c2-ce00c2917223","gid://shopify/Product/10348393103675","Northern Spy Records","The Usaisamonster - RIP","2026-04-19T04:36:17.662412+00:00","would_archive",""
"273544ae-1a9e-403b-bc26-2868473635ab","gid://shopify/Product/10348393070907","Northern Spy Records","Shilpa Ray - Paisley","2026-04-19T04:36:17.791849+00:00","would_archive",""
"70d42e3f-424b-4d92-85d1-0c9433d383cd","gid://shopify/Product/10348405162299","Northern Spy Records","The Usaisamonster - RIP","2026-04-19T04:36:21.835492+00:00","would_archive",""
"a8b99506-df38-4d0f-b783-35f2414b42c2","gid://shopify/Product/10348405096763","Northern Spy Records","Northern Spy Records - Nipomo","2026-04-19T04:36:22.258977+00:00","would_archive",""
"38560576-21f3-41e9-8a88-d498754b8940","gid://shopify/Product/10348405227835","Northern Spy Records","The Usaisamonster - Lost and Found","2026-04-19T04:36:22.391426+00:00","would_archive",""
"68689891-8607-4d19-8b64-e28247348aa1","gid://shopify/Product/10348405358907","Northern Spy Records","cloud becomes your hand - Rest In Fleas","2026-04-19T04:36:22.520424+00:00","would_archive",""
"eb26ed90-d343-4d3d-81f3-bfb6609f6ea9","gid://shopify/Product/10348405063995","Northern Spy Records","Northern Spy Records - Potted Iris Longsleeve","2026-04-19T04:36:22.67595+00:00","would_archive",""
"39fe5867-b7f1-4396-b162-361f851ffe05","gid://shopify/Product/10348405129531","Northern Spy Records","Shilpa Ray - Paisley","2026-04-19T04:36:22.978116+00:00","would_archive",""
"172a8621-ca38-4828-bf4e-54700f4275ee","gid://shopify/Product/10350054736187","Northern Spy Records","Shilpa Ray - Paisley","2026-04-19T04:36:28.762372+00:00","would_archive",""
"7856f21e-4a90-4237-a08c-1d9967f56d41","gid://shopify/Product/10350141767995","Northern Spy Records","cloud becomes your hand - Rest In Fleas","2026-04-19T04:36:28.889461+00:00","would_archive",""
"2e3221ed-6397-43b7-8e0a-261e100ebd74","gid://shopify/Product/10350675951931","Northern Spy Records","Northern Spy Records - Nipomo","2026-04-19T04:36:29.325158+00:00","would_archive",""
"69278c72-b106-4b37-b43e-ff195c146bb2","gid://shopify/Product/10350895268155","Northern Spy Records","Northern Spy Records - Nipomo","2026-04-19T04:36:29.683661+00:00","would_archive",""
"5111cc25-3b21-4d5a-ab07-0e443671b9d6","gid://shopify/Product/10350974435643","Northern Spy Records","Northern Spy Records - Nipomo","2026-04-19T04:36:30.227262+00:00","would_archive",""
"7c9b40bb-89c4-4870-99ab-c986399d533d","gid://shopify/Product/10351040561467","Northern Spy Records","Northern Spy Records - Nipomo","2026-04-19T04:36:30.497972+00:00","would_archive",""
"dc0f9eba-3ab2-44f5-9ea3-9488fe4d544a","gid://shopify/Product/10351078572347","Northern Spy Records","Northern Spy Records - Nipomo","2026-04-19T04:36:30.633266+00:00","would_archive",""
"e5d7f1af-970e-4a35-9dff-31972e09aa76","gid://shopify/Product/10351174287675","Northern Spy Records","Northern Spy Records - Nipomo","2026-04-19T04:36:31.02913+00:00","would_archive",""
"5e3e5116-2325-4ca2-8ec8-c2310a6259ba","gid://shopify/Product/10349910360379","Northern Spy Records","Northern Spy Records - Potted Iris Longsleeve","2026-04-19T04:36:32.725321+00:00","would_archive",""
"97b1d8ef-146c-497e-9fe5-8d54b4d8df6a","gid://shopify/Product/10349910393147","Northern Spy Records","Northern Spy Records - Nipomo","2026-04-19T04:36:32.859819+00:00","would_archive",""
"04f00590-985c-4b90-b05c-0ef9b2dbe581","gid://shopify/Product/10349910425915","Northern Spy Records","Shilpa Ray - Paisley","2026-04-19T04:36:32.992409+00:00","would_archive",""
"97d44ee5-b710-469e-86cd-8a6ff4707a00","gid://shopify/Product/10349910458683","Northern Spy Records","The Usaisamonster - RIP","2026-04-19T04:36:33.147058+00:00","would_archive",""
"4dde511c-be0c-4884-bbb7-c712ecc0911c","gid://shopify/Product/10349910491451","Northern Spy Records","The Usaisamonster - Lost and Found","2026-04-19T04:36:33.293833+00:00","would_archive",""
"27c3f33d-3984-4387-b305-5f99e7154c08","gid://shopify/Product/10349910524219","Northern Spy Records","cloud becomes your hand - Rest In Fleas","2026-04-19T04:36:33.482764+00:00","would_archive",""
"e50b48e9-2e30-4954-b6d6-7cfba012acb5","gid://shopify/Product/10349942899003","Northern Spy Records","Northern Spy Records - Potted Iris Longsleeve","2026-04-19T04:36:37.768046+00:00","would_archive",""
"f1ee8c9c-86c1-40af-8c69-afd81d6fd5bf","gid://shopify/Product/10349943324987","Northern Spy Records","cloud becomes your hand - Rest In Fleas","2026-04-19T04:36:37.895903+00:00","would_archive",""
"5c74f4b5-692f-41cc-9e18-b6ac52d5ef70","gid://shopify/Product/10349943062843","Northern Spy Records","Northern Spy Records - Nipomo","2026-04-19T04:36:38.051557+00:00","would_archive",""
"64e007c8-e6e9-4ea0-9c30-c26c016d011f","gid://shopify/Product/10349943259451","Northern Spy Records","The Usaisamonster - RIP","2026-04-19T04:36:38.171984+00:00","would_archive",""
"848d89f4-e644-41a5-b7bc-fd7e5a852404","gid://shopify/Product/10349943095611","Northern Spy Records","Shilpa Ray - Paisley","2026-04-19T04:36:38.309858+00:00","would_archive",""
"1ebf75d5-e5e7-4312-943e-de1752cd11d8","gid://shopify/Product/10349943292219","Northern Spy Records","The Usaisamonster - Lost and Found","2026-04-19T04:36:40.579333+00:00","would_archive",""
"b125a2e9-9af5-44d6-aecc-cb098273c8e9","gid://shopify/Product/10349987135803","Northern Spy Records","Northern Spy Records - Potted Iris Longsleeve","2026-04-19T04:36:44.225639+00:00","would_archive",""
"1ece0ff5-9772-4121-96ff-999b56790f22","gid://shopify/Product/10349987168571","Northern Spy Records","Northern Spy Records - Nipomo","2026-04-19T04:36:44.351636+00:00","would_archive",""
"c74bb870-153f-46a3-acc5-b824cee4b640","gid://shopify/Product/10349987201339","Northern Spy Records","Shilpa Ray - Paisley","2026-04-19T04:36:44.486881+00:00","would_archive",""
"21abe968-a77a-4e64-a5b4-ecc3e53a0b47","gid://shopify/Product/10349987234107","Northern Spy Records","The Usaisamonster - RIP","2026-04-19T04:36:44.620822+00:00","would_archive",""
"019a4423-16fa-49ce-8145-e53075e2994f","gid://shopify/Product/10349987299643","Northern Spy Records","The Usaisamonster - Lost and Found","2026-04-19T04:36:44.762449+00:00","would_archive",""
"0981b2c3-1ae9-4dc4-ae74-772a1851a4a8","gid://shopify/Product/10349987332411","Northern Spy Records","cloud becomes your hand - Rest In Fleas","2026-04-19T04:36:44.908739+00:00","would_archive",""
"2ad23cda-0e7b-4609-a5b0-275c9050eebb","gid://shopify/Product/10350014955835","Northern Spy Records","Northern Spy Records - Nipomo","2026-04-19T04:36:49.077569+00:00","would_archive",""
"c8b01bcb-e0e2-4741-9c6a-d37650dd47d7","gid://shopify/Product/10350014759227","Northern Spy Records","Northern Spy Records - Potted Iris Longsleeve","2026-04-19T04:36:49.24825+00:00","would_archive",""
"620a20b2-c7d3-47e1-9a3f-c3ade00357b8","gid://shopify/Product/10350014988603","Northern Spy Records","Shilpa Ray - Paisley","2026-04-19T04:36:49.431458+00:00","would_archive",""
"0bd7adf4-91c7-41fa-8618-6bc83fc9c922","gid://shopify/Product/10350015185211","Northern Spy Records","The Usaisamonster - Lost and Found","2026-04-19T04:36:49.558883+00:00","would_archive",""
"9cdc5753-3a56-4c8a-aa19-61fd711b0d9b","gid://shopify/Product/10350015152443","Northern Spy Records","The Usaisamonster - RIP","2026-04-19T04:36:49.69202+00:00","would_archive",""
"6e535b69-6e45-4397-8330-8894d613e11c","gid://shopify/Product/10350015349051","Northern Spy Records","cloud becomes your hand - Rest In Fleas","2026-04-19T04:36:49.844986+00:00","would_archive",""
"ac12b1b2-361d-4385-abc9-78aeedd3ef8e","gid://shopify/Product/10351241920827","Northern Spy Records","Northern Spy Records - Nipomo","2026-04-19T04:36:50.11967+00:00","would_archive",""
"651f2938-5804-483f-8a0b-819f6dd5f59a","gid://shopify/Product/10350022558011","Northern Spy Records","Northern Spy Records - Nipomo","2026-04-19T04:36:53.391668+00:00","would_archive",""
"b8f1bb13-532a-4714-b4ac-a676c4a0f614","gid://shopify/Product/10350022492475","Northern Spy Records","Northern Spy Records - Potted Iris Longsleeve","2026-04-19T04:36:53.511478+00:00","would_archive",""
"54d68cc9-ceea-4d41-a2c7-38a05bc7af6c","gid://shopify/Product/10350022590779","Northern Spy Records","Shilpa Ray - Paisley","2026-04-19T04:36:53.652702+00:00","would_archive",""
"cfb6fe97-e159-4ce8-ae10-cb5912c8e6b3","gid://shopify/Product/10350022754619","Northern Spy Records","The Usaisamonster - RIP","2026-04-19T04:36:53.874738+00:00","would_archive",""
"aafac920-9102-40e5-98b3-f46c7d6b2c15","gid://shopify/Product/10350022787387","Northern Spy Records","The Usaisamonster - Lost and Found","2026-04-19T04:36:54.014984+00:00","would_archive",""
"57de3548-519f-474d-9a8b-06572b910963","gid://shopify/Product/10350022983995","Northern Spy Records","cloud becomes your hand - Rest In Fleas","2026-04-19T04:36:54.157295+00:00","would_archive",""
"7ee18168-c6a1-425a-a141-2ac5e16a51f7","gid://shopify/Product/10350049067323","Northern Spy Records","Northern Spy Records - Potted Iris Longsleeve","2026-04-19T04:36:55.756555+00:00","would_archive",""
"4a42d05d-ed45-414a-a5ef-2dd24b90da44","gid://shopify/Product/10350049132859","Northern Spy Records","Northern Spy Records - Nipomo","2026-04-19T04:36:55.900941+00:00","would_archive",""
"94178683-29a0-4c1d-988b-43e8d95bb98e","gid://shopify/Product/10350049198395","Northern Spy Records","Shilpa Ray - Paisley","2026-04-19T04:36:56.080711+00:00","would_archive",""
"0b8395a3-4ec3-4672-aa25-e3b0eac6dffc","gid://shopify/Product/10350049263931","Northern Spy Records","The Usaisamonster - RIP","2026-04-19T04:36:56.242481+00:00","would_archive",""
"89c046c7-7b60-4ae4-9427-bdde6d70259c","gid://shopify/Product/10350049329467","Northern Spy Records","The Usaisamonster - Lost and Found","2026-04-19T04:36:56.446537+00:00","would_archive",""
"09c70ad3-4313-42fe-a0eb-4d89a3696a7f","gid://shopify/Product/10350049395003","Northern Spy Records","cloud becomes your hand - Rest In Fleas","2026-04-19T04:36:56.608555+00:00","would_archive",""
"7ed11174-881c-4f13-8614-0b671f147785","gid://shopify/Product/10350054572347","Northern Spy Records","Northern Spy Records - Potted Iris Longsleeve","2026-04-19T04:36:56.896856+00:00","would_archive",""
"5097e66f-32e4-412b-abc2-fed3da5477ff","gid://shopify/Product/10350054670651","Northern Spy Records","Northern Spy Records - Nipomo","2026-04-19T04:36:57.031655+00:00","would_archive",""
"086318df-b07f-4206-a5f5-b9f470018302","gid://shopify/Product/10350054801723","Northern Spy Records","The Usaisamonster - RIP","2026-04-19T04:36:57.17855+00:00","would_archive",""
"39837704-ffc3-4c8b-8739-64f714a39783","gid://shopify/Product/10350054867259","Northern Spy Records","The Usaisamonster - Lost and Found","2026-04-19T04:36:57.338824+00:00","would_archive",""
"719300c5-9bd5-4a73-9cae-2aab47a393ab","gid://shopify/Product/10350054965563","Northern Spy Records","cloud becomes your hand - Rest In Fleas","2026-04-19T04:36:57.467137+00:00","would_archive",""
"555a8a4e-9bc0-469c-86c7-c596f8ec6ae3","gid://shopify/Product/10350141243707","Northern Spy Records","Northern Spy Records - Potted Iris Longsleeve","2026-04-19T04:37:03.119888+00:00","would_archive",""
"586115ae-9378-4d07-bf4a-ba4e55b485a4","gid://shopify/Product/10350141440315","Northern Spy Records","Shilpa Ray - Paisley","2026-04-19T04:37:03.254909+00:00","would_archive",""
"217c003b-142e-4f9a-9ad8-baf0dd04c018","gid://shopify/Product/10350141571387","Northern Spy Records","The Usaisamonster - RIP","2026-04-19T04:37:03.415254+00:00","would_archive",""
"e4fa455a-de27-4761-b7b4-f97d454c6794","gid://shopify/Product/10350141342011","Northern Spy Records","Northern Spy Records - Nipomo","2026-04-19T04:37:03.540915+00:00","would_archive",""
"6839ce69-5199-406e-890d-62efec39d60d","gid://shopify/Product/10350141636923","Northern Spy Records","The Usaisamonster - Lost and Found","2026-04-19T04:37:03.674468+00:00","would_archive",""
"febef425-664d-441d-a6ba-f25ee05eb632","gid://shopify/Product/10350266810683","Northern Spy Records","Northern Spy Records - Potted Iris Longsleeve","2026-04-19T04:37:03.999492+00:00","would_archive",""
"29025f21-0cc2-48c2-97df-128c572dd8fb","gid://shopify/Product/10350266908987","Northern Spy Records","Northern Spy Records - Nipomo","2026-04-19T04:37:04.13751+00:00","would_archive",""
"580c9bef-4a5e-416f-a529-3b710f708dc1","gid://shopify/Product/10350266974523","Northern Spy Records","Shilpa Ray - Paisley","2026-04-19T04:37:04.303426+00:00","would_archive",""
"a65a3984-1304-4c18-a781-900f3279853a","gid://shopify/Product/10350267269435","Northern Spy Records","cloud becomes your hand - Rest In Fleas","2026-04-19T04:37:04.466815+00:00","would_archive",""
"ae97d6ad-ebb8-404c-b2f9-f1df10ed19a1","gid://shopify/Product/10350267171131","Northern Spy Records","The Usaisamonster - Lost and Found","2026-04-19T04:37:05.269822+00:00","would_archive",""
"6917c56b-be09-4a07-814c-df60c54e7398","gid://shopify/Product/10350267072827","Northern Spy Records","The Usaisamonster - RIP","2026-04-19T04:37:05.393967+00:00","would_archive",""
"96cb02ad-3834-443f-919f-8823cf910490","gid://shopify/Product/10351305359675","Northern Spy Records","Northern Spy Records - Nipomo","2026-04-19T04:37:10.074313+00:00","would_archive",""
"c959344f-864a-46d4-8cb7-067bf784c5cf","gid://shopify/Product/10350360428859","Northern Spy Records","Northern Spy Records - Potted Iris Longsleeve","2026-04-19T04:37:10.220414+00:00","would_archive",""
"6d569490-331c-4e84-8b63-49ee4931e419","gid://shopify/Product/10350360559931","Northern Spy Records","Northern Spy Records - Nipomo","2026-04-19T04:37:10.336999+00:00","would_archive",""
"d94b6731-84a3-42ba-83c2-85a03cb9ec22","gid://shopify/Product/10350360985915","Northern Spy Records","The Usaisamonster - RIP","2026-04-19T04:37:11.021175+00:00","would_archive",""
"0b0a1213-e8d0-4849-9ea9-992a1dfef94c","gid://shopify/Product/10350360789307","Northern Spy Records","Shilpa Ray - Paisley","2026-04-19T04:37:11.145383+00:00","would_archive",""
"5dc1289a-0839-4b01-9f5e-99e00f6fd34e","gid://shopify/Product/10350361084219","Northern Spy Records","The Usaisamonster - Lost and Found","2026-04-19T04:37:11.259472+00:00","would_archive",""
"8fc6b0b9-0885-4b59-a2fc-267ee53515a8","gid://shopify/Product/10350361346363","Northern Spy Records","cloud becomes your hand - Rest In Fleas","2026-04-19T04:37:11.423707+00:00","would_archive",""
"63d2218c-bfa2-4981-967b-842d8b937e51","gid://shopify/Product/10350468301115","Northern Spy Records","Northern Spy Records - Nipomo","2026-04-19T04:37:11.884275+00:00","would_archive",""
"35dbcee7-fb6f-4009-a4b6-29bb5f902624","gid://shopify/Product/10350468202811","Northern Spy Records","Northern Spy Records - Potted Iris Longsleeve","2026-04-19T04:37:12.006206+00:00","would_archive",""
"219aeb36-d3e5-4916-a8aa-58294f90757f","gid://shopify/Product/10350468366651","Northern Spy Records","Shilpa Ray - Paisley","2026-04-19T04:37:12.131698+00:00","would_archive",""
"57056fbb-25a3-412c-bd6d-fdd145dd0fdf","gid://shopify/Product/10350468432187","Northern Spy Records","The Usaisamonster - RIP","2026-04-19T04:37:12.258501+00:00","would_archive",""
"02950a42-5496-4aa2-b2ec-60b9118fa3fc","gid://shopify/Product/10350468497723","Northern Spy Records","The Usaisamonster - Lost and Found","2026-04-19T04:37:12.399972+00:00","would_archive",""
"d5141bed-69e9-404b-956e-1a59fa394e63","gid://shopify/Product/10350468563259","Northern Spy Records","cloud becomes your hand - Rest In Fleas","2026-04-19T04:37:12.523758+00:00","would_archive",""
"fbb56a97-d459-4798-9fc0-16a9d0391c10","gid://shopify/Product/10351314731323","Northern Spy Records","Northern Spy Records - Nipomo","2026-04-19T04:37:12.793585+00:00","would_archive",""
"e716ff17-ba07-4f50-b4b1-d34e2413f567","gid://shopify/Product/10350482194747","Northern Spy Records","Northern Spy Records - Potted Iris Longsleeve","2026-04-19T04:37:17.282614+00:00","would_archive",""
"bf481c57-f62b-4baa-9ff1-afcd08ec9c45","gid://shopify/Product/10350482260283","Northern Spy Records","Northern Spy Records - Nipomo","2026-04-19T04:37:17.410312+00:00","would_archive",""
"a0ed5105-f625-48b9-bbe6-3c71c71f1571","gid://shopify/Product/10350482325819","Northern Spy Records","Shilpa Ray - Paisley","2026-04-19T04:37:17.535224+00:00","would_archive",""
"d8c4670b-1c63-4455-9979-f8c00b9f2e41","gid://shopify/Product/10350482456891","Northern Spy Records","The Usaisamonster - RIP","2026-04-19T04:37:17.695995+00:00","would_archive",""
"848e3dbb-82f8-4ca8-9a47-8adcd371cec3","gid://shopify/Product/10350482555195","Northern Spy Records","cloud becomes your hand - Rest In Fleas","2026-04-19T04:37:17.819551+00:00","would_archive",""
"206480b0-3b7d-40ac-afa2-e46f74407223","gid://shopify/Product/10350482522427","Northern Spy Records","The Usaisamonster - Lost and Found","2026-04-19T04:37:17.947789+00:00","would_archive",""
"7176936c-a37f-41dc-b50d-e8ded82a1e27","gid://shopify/Product/10350557921595","Northern Spy Records","Northern Spy Records - Nipomo","2026-04-19T04:37:21.909759+00:00","would_archive",""
"00a6912b-f3a8-4bdf-9788-b02f37ebd1ef","gid://shopify/Product/10350557659451","Northern Spy Records","Northern Spy Records - Potted Iris Longsleeve","2026-04-19T04:37:22.03166+00:00","would_archive",""
"c5e80f82-21e3-4705-8bc2-005bc97ab761","gid://shopify/Product/10350557987131","Northern Spy Records","Shilpa Ray - Paisley","2026-04-19T04:37:22.166098+00:00","would_archive",""
"869ccf5f-46a9-46db-aeb7-dc968ac4a085","gid://shopify/Product/10350558052667","Northern Spy Records","The Usaisamonster - RIP","2026-04-19T04:37:22.295305+00:00","would_archive",""
"fae04282-30bc-48f3-b0f5-eab0f6bbd413","gid://shopify/Product/10350558249275","Northern Spy Records","The Usaisamonster - Lost and Found","2026-04-19T04:37:22.433419+00:00","would_archive",""
"779648bb-e004-4320-980b-9b5b595bd7e4","gid://shopify/Product/10350558314811","Northern Spy Records","cloud becomes your hand - Rest In Fleas","2026-04-19T04:37:22.554868+00:00","would_archive",""
"ad5bfc8c-7f99-47bf-9bf6-85f173c724e4","gid://shopify/Product/10350559985979","Northern Spy Records","Northern Spy Records - Nipomo","2026-04-19T04:37:22.824061+00:00","would_archive",""
"153964a0-0d07-47ff-9990-aa664b375304","gid://shopify/Product/10350559920443","Northern Spy Records","Northern Spy Records - Potted Iris Longsleeve","2026-04-19T04:37:22.966758+00:00","would_archive",""
"b221213d-b4b4-405f-b17e-94693e581e9e","gid://shopify/Product/10350560117051","Northern Spy Records","Shilpa Ray - Paisley","2026-04-19T04:37:23.100301+00:00","would_archive",""
"51c2daa2-062b-4096-8c7f-03a79b941263","gid://shopify/Product/10350560313659","Northern Spy Records","The Usaisamonster - RIP","2026-04-19T04:37:23.235437+00:00","would_archive",""
"5a7e0a19-a587-4f1c-9a83-5776facef3a8","gid://shopify/Product/10350560411963","Northern Spy Records","The Usaisamonster - Lost and Found","2026-04-19T04:37:23.359121+00:00","would_archive",""
"ec78c13c-7f86-44b2-b0e6-7d0259226a35","gid://shopify/Product/10350560477499","Northern Spy Records","cloud becomes your hand - Rest In Fleas","2026-04-19T04:37:23.47945+00:00","would_archive",""
"d2ce1de0-183c-4065-9229-8039c6343866","gid://shopify/Product/10351347368251","Northern Spy Records","Northern Spy Records - Nipomo","2026-04-19T04:37:27.487194+00:00","would_archive",""
"29e08f7d-07b4-4864-899d-c1012daaaeac","gid://shopify/Product/10350652981563","Northern Spy Records","Northern Spy Records - Potted Iris Longsleeve","2026-04-19T04:37:27.637501+00:00","would_archive",""
"ffe5b650-0409-4d7c-8c52-983b3a5d261b","gid://shopify/Product/10350653178171","Northern Spy Records","Shilpa Ray - Paisley","2026-04-19T04:37:27.788623+00:00","would_archive",""
"a550b443-6d17-46de-89cb-1d50e3452946","gid://shopify/Product/10350653440315","Northern Spy Records","cloud becomes your hand - Rest In Fleas","2026-04-19T04:37:27.905567+00:00","would_archive",""
"917c4477-054c-43d8-86f3-83c4939784b6","gid://shopify/Product/10350653079867","Northern Spy Records","Northern Spy Records - Nipomo","2026-04-19T04:37:28.032786+00:00","would_archive",""
"bbdd17e4-3314-4be2-9f3d-ecf1af4c576a","gid://shopify/Product/10350653374779","Northern Spy Records","The Usaisamonster - Lost and Found","2026-04-19T04:37:28.203389+00:00","would_archive",""
"c50d6b38-cc88-4a8d-bba5-f474a4806273","gid://shopify/Product/10350653276475","Northern Spy Records","The Usaisamonster - RIP","2026-04-19T04:37:28.332627+00:00","would_archive",""
"bdb12c9b-1c06-403e-88c8-a7fb99dab546","gid://shopify/Product/10350675886395","Northern Spy Records","Northern Spy Records - Potted Iris Longsleeve","2026-04-19T04:37:31.332537+00:00","would_archive",""
"721735ff-bfa4-4ce8-b76f-137b843a1a73","gid://shopify/Product/10350676050235","Northern Spy Records","Shilpa Ray - Paisley","2026-04-19T04:37:31.469929+00:00","would_archive",""
"d976d674-2898-4f4d-be9e-c643874fca92","gid://shopify/Product/10350676148539","Northern Spy Records","The Usaisamonster - RIP","2026-04-19T04:37:31.58266+00:00","would_archive",""
"863e9110-323f-4eeb-93c7-b5f62c2253b0","gid://shopify/Product/10350676214075","Northern Spy Records","The Usaisamonster - Lost and Found","2026-04-19T04:37:31.705263+00:00","would_archive",""
"c5e9f10e-ce30-4b9a-98a8-b7f561d5583b","gid://shopify/Product/10350676279611","Northern Spy Records","cloud becomes your hand - Rest In Fleas","2026-04-19T04:37:31.826149+00:00","would_archive",""
"fbc3d76f-7416-44b8-9f25-ff261a9e04dd","gid://shopify/Product/10351359099195","Northern Spy Records","Northern Spy Records - Nipomo","2026-04-19T04:37:34.72436+00:00","would_archive",""
"5dd208c4-eacd-4d05-99a1-047b75d4c8e1","gid://shopify/Product/10350749090107","Northern Spy Records","Northern Spy Records - Potted Iris Longsleeve","2026-04-19T04:37:35.691997+00:00","would_archive",""
"7e39a86d-1084-4a92-acf6-aee587939e87","gid://shopify/Product/10350749221179","Northern Spy Records","Northern Spy Records - Nipomo","2026-04-19T04:37:35.831682+00:00","would_archive",""
"8f0362cb-ed1d-4881-91fa-a5c60b83356b","gid://shopify/Product/10350749450555","Northern Spy Records","Shilpa Ray - Paisley","2026-04-19T04:37:35.957974+00:00","would_archive",""
"1253e89f-6a29-4953-9c6d-c06798a7227b","gid://shopify/Product/10350749548859","Northern Spy Records","The Usaisamonster - RIP","2026-04-19T04:37:36.080076+00:00","would_archive",""
"8e112490-0ede-4057-acb2-ae595798a195","gid://shopify/Product/10350749745467","Northern Spy Records","The Usaisamonster - Lost and Found","2026-04-19T04:37:36.265498+00:00","would_archive",""
"79e0b85f-ddac-45fa-9afc-a1b9b409f48f","gid://shopify/Product/10350749974843","Northern Spy Records","cloud becomes your hand - Rest In Fleas","2026-04-19T04:37:36.404482+00:00","would_archive",""
"117b1374-afe2-4362-877a-ea504dee8be4","gid://shopify/Product/10350817476923","Northern Spy Records","Northern Spy Records - Nipomo","2026-04-19T04:37:40.121452+00:00","would_archive",""
"c6750f51-9c4a-470a-ae46-0232f68281b3","gid://shopify/Product/10350817411387","Northern Spy Records","Northern Spy Records - Potted Iris Longsleeve","2026-04-19T04:37:40.232358+00:00","would_archive",""
"b2f24b5e-6903-4eca-a94b-fccc8533a463","gid://shopify/Product/10350817542459","Northern Spy Records","Shilpa Ray - Paisley","2026-04-19T04:37:40.362136+00:00","would_archive",""
"f8ac6936-c54e-472e-92d9-e7a5b69fc36d","gid://shopify/Product/10350817607995","Northern Spy Records","The Usaisamonster - RIP","2026-04-19T04:37:40.531545+00:00","would_archive",""
"c64b1313-741e-429b-bb50-9fcb65da18d2","gid://shopify/Product/10350817706299","Northern Spy Records","The Usaisamonster - Lost and Found","2026-04-19T04:37:40.680745+00:00","would_archive",""
"a94e1d41-e9ad-4811-995d-ab14480a39e9","gid://shopify/Product/10350817771835","Northern Spy Records","cloud becomes your hand - Rest In Fleas","2026-04-19T04:37:40.836226+00:00","would_archive",""
"c08b9c0c-25f2-44b8-a774-a396801f2dee","gid://shopify/Product/10350870430011","Northern Spy Records","Northern Spy Records - Nipomo","2026-04-19T04:37:44.703805+00:00","would_archive",""
"12479031-6f68-433c-87b0-bdd42ba3532e","gid://shopify/Product/10350870298939","Northern Spy Records","Northern Spy Records - Potted Iris Longsleeve","2026-04-19T04:37:44.818702+00:00","would_archive",""
"62a108fc-b6ad-4f61-b5e7-5f39d6009ed1","gid://shopify/Product/10350870495547","Northern Spy Records","Shilpa Ray - Paisley","2026-04-19T04:37:44.935053+00:00","would_archive",""
"29dc6dce-8e2d-4b57-bd81-0af7752e43a7","gid://shopify/Product/10350870593851","Northern Spy Records","The Usaisamonster - RIP","2026-04-19T04:37:45.047905+00:00","would_archive",""
"3c734ecc-1592-4114-ac99-75d2c5becf25","gid://shopify/Product/10350870692155","Northern Spy Records","The Usaisamonster - Lost and Found","2026-04-19T04:37:45.168416+00:00","would_archive",""
"fddc6921-6433-4ed5-9d29-5a3568963b0e","gid://shopify/Product/10350870790459","Northern Spy Records","cloud becomes your hand - Rest In Fleas","2026-04-19T04:37:45.272721+00:00","would_archive",""
"450b0133-0d33-4537-82ed-ec30cb401951","gid://shopify/Product/10350875803963","Northern Spy Records","Northern Spy Records - Potted Iris Longsleeve","2026-04-19T04:37:46.332964+00:00","would_archive",""
"9c24fbc7-85ac-4acf-bd13-46030b85a2e2","gid://shopify/Product/10350875869499","Northern Spy Records","Northern Spy Records - Nipomo","2026-04-19T04:37:46.439367+00:00","would_archive",""
"4e590f75-6c87-4d9f-ab4a-62d1741f8d8e","gid://shopify/Product/10350875967803","Northern Spy Records","Shilpa Ray - Paisley","2026-04-19T04:37:46.539093+00:00","would_archive",""
"7b02765e-c8a0-4a79-8b0b-dc38af9f1335","gid://shopify/Product/10350876000571","Northern Spy Records","The Usaisamonster - RIP","2026-04-19T04:37:46.638159+00:00","would_archive",""
"db83396a-eec0-4482-85c6-33adc17f743d","gid://shopify/Product/10350876066107","Northern Spy Records","The Usaisamonster - Lost and Found","2026-04-19T04:37:46.735185+00:00","would_archive",""
"99dba163-c210-47e6-bb0d-ee94c12ed2a2","gid://shopify/Product/10350876131643","Northern Spy Records","cloud becomes your hand - Rest In Fleas","2026-04-19T04:37:46.841663+00:00","would_archive",""
"e17b023b-0d50-44c3-a288-12809b5ce555","gid://shopify/Product/10350893531451","Northern Spy Records","Northern Spy Records - Potted Iris Longsleeve","2026-04-19T04:37:50.890256+00:00","would_archive",""
"de53c470-f67b-4bef-8e7d-c1d283d86ad6","gid://shopify/Product/10350893564219","Northern Spy Records","Northern Spy Records - Nipomo","2026-04-19T04:37:50.999006+00:00","would_archive",""
"5e7cae0c-6ba7-4f79-a4d5-17a7bef47acb","gid://shopify/Product/10350893596987","Northern Spy Records","Shilpa Ray - Paisley","2026-04-19T04:37:51.109913+00:00","would_archive",""
"1788e21e-4d17-4db6-9b80-4869ba070c82","gid://shopify/Product/10350893629755","Northern Spy Records","The Usaisamonster - RIP","2026-04-19T04:37:51.23883+00:00","would_archive",""
"d6b00d7a-4312-4576-82bc-1f70398c5b29","gid://shopify/Product/10350893662523","Northern Spy Records","The Usaisamonster - Lost and Found","2026-04-19T04:37:51.341428+00:00","would_archive",""
"7f77183d-8a51-450e-93c3-bb6c07db0eeb","gid://shopify/Product/10350893728059","Northern Spy Records","cloud becomes your hand - Rest In Fleas","2026-04-19T04:37:51.450038+00:00","would_archive",""
"bfe82b42-cc9e-4ea9-ada2-1666e8144dd2","gid://shopify/Product/10350895235387","Northern Spy Records","Northern Spy Records - Potted Iris Longsleeve","2026-04-19T04:37:52.977481+00:00","would_archive",""
"1f3c89cc-007f-4f5a-b699-397d3a01229d","gid://shopify/Product/10350895333691","Northern Spy Records","Shilpa Ray - Paisley","2026-04-19T04:37:53.093036+00:00","would_archive",""
"5112d9b6-c04b-4290-834f-b2ef2b409e90","gid://shopify/Product/10350895366459","Northern Spy Records","The Usaisamonster - RIP","2026-04-19T04:37:53.20226+00:00","would_archive",""
"a4f39fc1-2db1-441c-bcca-1a043b5e9638","gid://shopify/Product/10350895399227","Northern Spy Records","The Usaisamonster - Lost and Found","2026-04-19T04:37:53.309335+00:00","would_archive",""
"d33f6b39-ec0c-4be2-b109-9cb3ac811f76","gid://shopify/Product/10350895431995","Northern Spy Records","cloud becomes your hand - Rest In Fleas","2026-04-19T04:37:53.421954+00:00","would_archive",""
"97b4df3a-fb58-4057-85d7-43a7a1f71f62","gid://shopify/Product/10350930231611","Northern Spy Records","Northern Spy Records - Potted Iris Longsleeve","2026-04-19T04:38:00.973853+00:00","would_archive",""
"0ae6492e-4e11-486a-94d6-3bea4941cffc","gid://shopify/Product/10350930264379","Northern Spy Records","Northern Spy Records - Nipomo","2026-04-19T04:38:01.091581+00:00","would_archive",""
"51b827e4-5ab9-4f14-b9df-8e6fbe83a927","gid://shopify/Product/10350930395451","Northern Spy Records","The Usaisamonster - RIP","2026-04-19T04:38:01.214273+00:00","would_archive",""
"101da92f-140e-4751-8689-62a661dd2ec9","gid://shopify/Product/10350930329915","Northern Spy Records","Shilpa Ray - Paisley","2026-04-19T04:38:01.331358+00:00","would_archive",""
"0fb8b387-4abe-4be5-88c6-ccaf51bc9add","gid://shopify/Product/10350930428219","Northern Spy Records","The Usaisamonster - Lost and Found","2026-04-19T04:38:01.467368+00:00","would_archive",""
"76dbd498-af73-4b18-ab6f-970110dc2b41","gid://shopify/Product/10350930460987","Northern Spy Records","cloud becomes your hand - Rest In Fleas","2026-04-19T04:38:01.589061+00:00","would_archive",""
"feeeaa9f-9722-4c05-8720-680e9436f6b7","gid://shopify/Product/10350930985275","Northern Spy Records","Northern Spy Records - Nipomo","2026-04-19T04:38:01.776977+00:00","would_archive",""
"9f729d97-b074-4b42-a531-cbb8585964b2","gid://shopify/Product/10350930952507","Northern Spy Records","Northern Spy Records - Potted Iris Longsleeve","2026-04-19T04:38:01.901541+00:00","would_archive",""
"e88364b1-68f6-4aae-898a-8a89bc6a897c","gid://shopify/Product/10350931018043","Northern Spy Records","Shilpa Ray - Paisley","2026-04-19T04:38:02.017041+00:00","would_archive",""
"6fe5020f-0051-423d-8784-dbe5b80704b9","gid://shopify/Product/10350931050811","Northern Spy Records","The Usaisamonster - RIP","2026-04-19T04:38:02.174244+00:00","would_archive",""
"c0e281b4-a0d4-4e06-bc04-68f6ffb5eab8","gid://shopify/Product/10350931083579","Northern Spy Records","The Usaisamonster - Lost and Found","2026-04-19T04:38:02.30087+00:00","would_archive",""
"5016f923-cd55-4f6a-980e-2c5d0c99fd43","gid://shopify/Product/10350931116347","Northern Spy Records","cloud becomes your hand - Rest In Fleas","2026-04-19T04:38:02.421352+00:00","would_archive",""
"91cd7a86-9d77-48db-97f4-452917f6b4db","gid://shopify/Product/10350959264059","Northern Spy Records","Northern Spy Records - Potted Iris Longsleeve","2026-04-19T04:38:07.250115+00:00","would_archive",""
"d1b2efbd-3c73-4c03-b2c0-41dafc874408","gid://shopify/Product/10350959329595","Northern Spy Records","Northern Spy Records - Nipomo","2026-04-19T04:38:07.365238+00:00","would_archive",""
"eb45faa7-1adf-4b8a-b89e-7d3a80dcd754","gid://shopify/Product/10350959362363","Northern Spy Records","Shilpa Ray - Paisley","2026-04-19T04:38:07.480843+00:00","would_archive",""
"33b8b282-f8be-4a31-8b9d-2725f70b5691","gid://shopify/Product/10350959395131","Northern Spy Records","The Usaisamonster - RIP","2026-04-19T04:38:07.597245+00:00","would_archive",""
"403a24a8-48c6-42d1-bfa3-e5bc90060916","gid://shopify/Product/10350959460667","Northern Spy Records","cloud becomes your hand - Rest In Fleas","2026-04-19T04:38:07.749723+00:00","would_archive",""
"f8265c91-5af3-492e-aec3-c5bdd172e630","gid://shopify/Product/10350959427899","Northern Spy Records","The Usaisamonster - Lost and Found","2026-04-19T04:38:07.873496+00:00","would_archive",""
"aadea059-9810-4394-b752-1aee5cd72a98","gid://shopify/Product/10350974370107","Northern Spy Records","Northern Spy Records - Potted Iris Longsleeve","2026-04-19T04:38:12.926307+00:00","would_archive",""
"f9033d7f-e683-43dd-a8b0-f0ae5e464e6c","gid://shopify/Product/10350974566715","Northern Spy Records","Shilpa Ray - Paisley","2026-04-19T04:38:13.04427+00:00","would_archive",""
"ea09da0c-066f-476f-9686-b7665be91a66","gid://shopify/Product/10350974632251","Northern Spy Records","The Usaisamonster - RIP","2026-04-19T04:38:13.186843+00:00","would_archive",""
"cb98d2b1-03c5-4f35-bc48-ced5e59a65e2","gid://shopify/Product/10350974665019","Northern Spy Records","The Usaisamonster - Lost and Found","2026-04-19T04:38:13.30481+00:00","would_archive",""
"624db6a0-c8ac-4b39-be23-5f6b9721a106","gid://shopify/Product/10350974861627","Northern Spy Records","cloud becomes your hand - Rest In Fleas","2026-04-19T04:38:13.434324+00:00","would_archive",""
"4b3eeb7c-02a6-4fcb-8fb0-f9fa234560c6","gid://shopify/Product/10351001305403","Northern Spy Records","Northern Spy Records - Potted Iris Longsleeve","2026-04-19T04:38:16.677766+00:00","would_archive",""
"e4a894a7-0ec8-4e48-8b9d-2eaa19665f67","gid://shopify/Product/10351001469243","Northern Spy Records","Northern Spy Records - Nipomo","2026-04-19T04:38:16.80694+00:00","would_archive",""
"271ba010-23c6-4f49-a132-b2e4bd794f12","gid://shopify/Product/10351001502011","Northern Spy Records","Shilpa Ray - Paisley","2026-04-19T04:38:16.916498+00:00","would_archive",""
"aab744b3-5a8c-4fe3-b2e8-1ee449b728a9","gid://shopify/Product/10351001665851","Northern Spy Records","The Usaisamonster - RIP","2026-04-19T04:38:17.037323+00:00","would_archive",""
"68fecbf6-92d5-447f-9a0c-2a1431ad8ddf","gid://shopify/Product/10351001698619","Northern Spy Records","The Usaisamonster - Lost and Found","2026-04-19T04:38:17.150411+00:00","would_archive",""
"9186e060-f79e-4aa6-9bef-d13dc7fbfe76","gid://shopify/Product/10351001862459","Northern Spy Records","cloud becomes your hand - Rest In Fleas","2026-04-19T04:38:17.335482+00:00","would_archive",""
"f23c2b15-a9f8-4361-94a3-d406abef6978","gid://shopify/Product/10351010709819","Northern Spy Records","Northern Spy Records - Potted Iris Longsleeve","2026-04-19T04:38:19.096828+00:00","would_archive",""
"d0f3d6dd-4243-4415-8534-03312343ea30","gid://shopify/Product/10351010742587","Northern Spy Records","Northern Spy Records - Nipomo","2026-04-19T04:38:19.226854+00:00","would_archive",""
"f72bce52-e92f-4500-91b5-00afc844d366","gid://shopify/Product/10351010775355","Northern Spy Records","Shilpa Ray - Paisley","2026-04-19T04:38:19.336807+00:00","would_archive",""
"3db5d986-95c2-4f50-af33-fe77504c6a24","gid://shopify/Product/10351010840891","Northern Spy Records","The Usaisamonster - RIP","2026-04-19T04:38:19.447071+00:00","would_archive",""
"d0e931bc-6e07-4458-a53a-c89b5600df97","gid://shopify/Product/10351010873659","Northern Spy Records","The Usaisamonster - Lost and Found","2026-04-19T04:38:19.558625+00:00","would_archive",""
"f638b71a-a585-48c0-bf41-ce7ebe816f3e","gid://shopify/Product/10351010906427","Northern Spy Records","cloud becomes your hand - Rest In Fleas","2026-04-19T04:38:19.675292+00:00","would_archive",""
"50c069e9-9739-4eb2-9bcc-3b5411a66e87","gid://shopify/Product/10351040528699","Northern Spy Records","Northern Spy Records - Potted Iris Longsleeve","2026-04-19T04:38:25.380976+00:00","would_archive",""
"8e092893-d407-4924-a8c6-9699095a41ce","gid://shopify/Product/10351040659771","Northern Spy Records","Shilpa Ray - Paisley","2026-04-19T04:38:25.502453+00:00","would_archive",""
"1f4182fd-27c3-4b1c-9661-50515b0327eb","gid://shopify/Product/10351040692539","Northern Spy Records","The Usaisamonster - RIP","2026-04-19T04:38:25.631976+00:00","would_archive",""
"809706bf-4e48-4cc8-ae2f-367adb7ea686","gid://shopify/Product/10351040725307","Northern Spy Records","The Usaisamonster - Lost and Found","2026-04-19T04:38:25.78428+00:00","would_archive",""
"86cdf001-282a-4485-a569-12a4ececf719","gid://shopify/Product/10351040758075","Northern Spy Records","cloud becomes your hand - Rest In Fleas","2026-04-19T04:38:25.906458+00:00","would_archive",""
"2ae0b7be-26d4-4eaa-864e-7aee34312d9e","gid://shopify/Product/10351043150139","Northern Spy Records","Northern Spy Records - Potted Iris Longsleeve","2026-04-19T04:38:27.71151+00:00","would_archive",""
"9b451d99-52e5-4bc8-bbd6-b5426f9ced08","gid://shopify/Product/10351043215675","Northern Spy Records","Northern Spy Records - Nipomo","2026-04-19T04:38:27.833711+00:00","would_archive",""
"b60af8e9-1a6c-43e5-8652-019447054708","gid://shopify/Product/10351043281211","Northern Spy Records","Shilpa Ray - Paisley","2026-04-19T04:38:27.955682+00:00","would_archive",""
"082db555-abc1-4a10-9ff6-4304abf2f30f","gid://shopify/Product/10351043313979","Northern Spy Records","The Usaisamonster - RIP","2026-04-19T04:38:28.07461+00:00","would_archive",""
"e49f6568-947c-4878-b899-5f4c468d7f7f","gid://shopify/Product/10351043379515","Northern Spy Records","The Usaisamonster - Lost and Found","2026-04-19T04:38:28.203293+00:00","would_archive",""
"f2c0d08f-f5b0-40a7-8de8-0786a0339c78","gid://shopify/Product/10351043412283","Northern Spy Records","cloud becomes your hand - Rest In Fleas","2026-04-19T04:38:28.32973+00:00","would_archive",""
"8eb87cb3-f12e-4822-ae4e-4ecd14e3f1a3","gid://shopify/Product/10351062483259","Northern Spy Records","Northern Spy Records - Potted Iris Longsleeve","2026-04-19T04:38:33.815094+00:00","would_archive",""
"ec81e5f2-098b-483f-9003-cae81c649a57","gid://shopify/Product/10351062548795","Northern Spy Records","Northern Spy Records - Nipomo","2026-04-19T04:38:33.92618+00:00","would_archive",""
"b0cc2d29-5642-440a-8686-6c26a86d25af","gid://shopify/Product/10351062647099","Northern Spy Records","Shilpa Ray - Paisley","2026-04-19T04:38:34.041827+00:00","would_archive",""
"23c7f510-2d52-4ef7-a569-65b930fd7ea3","gid://shopify/Product/10351062679867","Northern Spy Records","The Usaisamonster - RIP","2026-04-19T04:38:34.183353+00:00","would_archive",""
"ed8fe32b-6b2a-4825-bc9d-dd4b939b0ea1","gid://shopify/Product/10351062712635","Northern Spy Records","The Usaisamonster - Lost and Found","2026-04-19T04:38:34.305445+00:00","would_archive",""
"f97403e9-0ac0-40f0-b659-5a199d25c574","gid://shopify/Product/10351062843707","Northern Spy Records","cloud becomes your hand - Rest In Fleas","2026-04-19T04:38:34.435593+00:00","would_archive",""
"c67af016-dbae-4399-a2c7-ac5c6417e1bd","gid://shopify/Product/10351078605115","Northern Spy Records","Shilpa Ray - Paisley","2026-04-19T04:38:39.663373+00:00","would_archive",""
"eb173f79-a5d6-4f3b-b104-7c185cd41001","gid://shopify/Product/10351078637883","Northern Spy Records","The Usaisamonster - RIP","2026-04-19T04:38:39.781708+00:00","would_archive",""
"19696cd0-1a78-4405-92cd-5d194fc39692","gid://shopify/Product/10351078539579","Northern Spy Records","Northern Spy Records - Potted Iris Longsleeve","2026-04-19T04:38:39.914189+00:00","would_archive",""
"b89e8e42-6e54-4997-8782-ff795e2ddaa9","gid://shopify/Product/10351078670651","Northern Spy Records","The Usaisamonster - Lost and Found","2026-04-19T04:38:40.033468+00:00","would_archive",""
"3a5884f1-d640-441d-9733-ac60eb912b94","gid://shopify/Product/10351078703419","Northern Spy Records","cloud becomes your hand - Rest In Fleas","2026-04-19T04:38:40.197874+00:00","would_archive",""
"aa5cb366-c380-48de-93f7-88727245195d","gid://shopify/Product/10351094464827","Northern Spy Records","Northern Spy Records - Potted Iris Longsleeve","2026-04-19T04:38:42.521397+00:00","would_archive",""
"0cb549af-bd27-40fb-936c-a296b130753b","gid://shopify/Product/10351094530363","Northern Spy Records","Northern Spy Records - Nipomo","2026-04-19T04:38:42.622478+00:00","would_archive",""
"f3cdf3c0-1a5d-458b-a8cb-23b3f22c98e1","gid://shopify/Product/10351094661435","Northern Spy Records","Shilpa Ray - Paisley","2026-04-19T04:38:42.754902+00:00","would_archive",""
"8f64ffa0-d6d9-415e-ae3f-5255eac712f7","gid://shopify/Product/10351094694203","Northern Spy Records","The Usaisamonster - RIP","2026-04-19T04:38:42.865823+00:00","would_archive",""
"a6a68320-d386-4553-a474-077f22434b8e","gid://shopify/Product/10351094825275","Northern Spy Records","The Usaisamonster - Lost and Found","2026-04-19T04:38:42.973842+00:00","would_archive",""
"134a6417-ed6b-4d76-9243-94b8b30f4ca3","gid://shopify/Product/10351094858043","Northern Spy Records","cloud becomes your hand - Rest In Fleas","2026-04-19T04:38:43.081672+00:00","would_archive",""
"c557de25-bc52-458a-a9b9-910d40bc3208","gid://shopify/Product/10351101215035","Northern Spy Records","Northern Spy Records - Nipomo","2026-04-19T04:38:44.508025+00:00","would_archive",""
"cdd6cb17-b737-4f67-a112-96e55f62bb5c","gid://shopify/Product/10351101280571","Northern Spy Records","Shilpa Ray - Paisley","2026-04-19T04:38:44.627307+00:00","would_archive",""
"6ac49639-10aa-4693-b793-852184d1fc83","gid://shopify/Product/10351101182267","Northern Spy Records","Northern Spy Records - Potted Iris Longsleeve","2026-04-19T04:38:44.747142+00:00","would_archive",""
"8d26c99d-888f-4c57-ad8e-2a09b4326482","gid://shopify/Product/10351101346107","Northern Spy Records","The Usaisamonster - Lost and Found","2026-04-19T04:38:44.851308+00:00","would_archive",""
"b2050768-cf92-41f9-8f90-43718ac1d666","gid://shopify/Product/10351101313339","Northern Spy Records","The Usaisamonster - RIP","2026-04-19T04:38:44.962333+00:00","would_archive",""
"4af6a18b-73a4-4116-8e6b-99cb8720e832","gid://shopify/Product/10351101378875","Northern Spy Records","cloud becomes your hand - Rest In Fleas","2026-04-19T04:38:45.070703+00:00","would_archive",""
"b01d1b4c-2b7c-4623-98dd-a438f47c4452","gid://shopify/Product/10351116190011","Northern Spy Records","Northern Spy Records - Potted Iris Longsleeve","2026-04-19T04:38:48.511857+00:00","would_archive",""
"9427c012-bbec-48f9-9c55-04b11a3df647","gid://shopify/Product/10351116222779","Northern Spy Records","Northern Spy Records - Nipomo","2026-04-19T04:38:48.631922+00:00","would_archive",""
"8a455fab-4389-4642-83da-72f35641ad02","gid://shopify/Product/10351116288315","Northern Spy Records","Shilpa Ray - Paisley","2026-04-19T04:38:48.73796+00:00","would_archive",""
"bfc28333-1713-4f17-8da9-eb8b53a23ff6","gid://shopify/Product/10351116321083","Northern Spy Records","The Usaisamonster - RIP","2026-04-19T04:38:48.83988+00:00","would_archive",""
"d358db77-a075-46d9-9c44-95202fa24cc5","gid://shopify/Product/10351116386619","Northern Spy Records","The Usaisamonster - Lost and Found","2026-04-19T04:38:48.954492+00:00","would_archive",""
"653818c1-7535-4b01-99c2-bd718ad6ea3f","gid://shopify/Product/10351116419387","Northern Spy Records","cloud becomes your hand - Rest In Fleas","2026-04-19T04:38:49.07647+00:00","would_archive",""
"95404dc9-66b9-4ab6-bfb3-5d995b021e50","gid://shopify/Product/10351119532347","Northern Spy Records","Northern Spy Records - Potted Iris Longsleeve","2026-04-19T04:38:49.210512+00:00","would_archive",""
"c0fe6a3d-b56c-4a6c-8e0c-02ab4fca7755","gid://shopify/Product/10351119565115","Northern Spy Records","Northern Spy Records - Nipomo","2026-04-19T04:38:49.320736+00:00","would_archive",""
"6b5bc47b-d890-4866-b679-57caa1b2dcd4","gid://shopify/Product/10351119597883","Northern Spy Records","Shilpa Ray - Paisley","2026-04-19T04:38:49.439378+00:00","would_archive",""
"cb052a3d-4703-488d-b31b-4ab9b3eec974","gid://shopify/Product/10351119630651","Northern Spy Records","The Usaisamonster - RIP","2026-04-19T04:38:49.551163+00:00","would_archive",""
"b77df6eb-708b-4c36-9766-68c7f2aace47","gid://shopify/Product/10351119663419","Northern Spy Records","The Usaisamonster - Lost and Found","2026-04-19T04:38:49.657003+00:00","would_archive",""
"e8204367-2b9f-4800-bbb3-ea320495e06b","gid://shopify/Product/10351119696187","Northern Spy Records","cloud becomes your hand - Rest In Fleas","2026-04-19T04:38:49.795493+00:00","would_archive",""
"14de979f-d3c2-4257-85b1-8da3749628dd","gid://shopify/Product/10351156527419","Northern Spy Records","Northern Spy Records - Potted Iris Longsleeve","2026-04-19T04:38:57.777997+00:00","would_archive",""
"57368c35-22f2-4db6-a541-3b322c2c3033","gid://shopify/Product/10351156560187","Northern Spy Records","Northern Spy Records - Nipomo","2026-04-19T04:38:57.917451+00:00","would_archive",""
"be984da0-06de-46a3-b0e1-7adc36fb7a52","gid://shopify/Product/10351156592955","Northern Spy Records","Shilpa Ray - Paisley","2026-04-19T04:38:58.022781+00:00","would_archive",""
"9d02719b-5b36-4f76-a964-71281608906d","gid://shopify/Product/10351156625723","Northern Spy Records","The Usaisamonster - RIP","2026-04-19T04:38:58.148244+00:00","would_archive",""
"e78e4e1d-798f-40ce-a40c-82509bd1c6d7","gid://shopify/Product/10351156658491","Northern Spy Records","The Usaisamonster - Lost and Found","2026-04-19T04:38:58.257072+00:00","would_archive",""
"c7536f22-0cf4-4ad5-bd96-da03964bafa4","gid://shopify/Product/10351156691259","Northern Spy Records","cloud becomes your hand - Rest In Fleas","2026-04-19T04:38:58.389065+00:00","would_archive",""
"7f6532d8-da7d-49f7-b61e-db7946184e08","gid://shopify/Product/10351157117243","Northern Spy Records","Northern Spy Records - Nipomo","2026-04-19T04:38:58.513671+00:00","would_archive",""
"a16f0b3c-aeb8-455b-88b9-c74a1bfc0a1c","gid://shopify/Product/10351157084475","Northern Spy Records","Northern Spy Records - Potted Iris Longsleeve","2026-04-19T04:38:58.622358+00:00","would_archive",""
"88c470e7-d751-4ad0-a321-19b5e0eb32f8","gid://shopify/Product/10351157150011","Northern Spy Records","Shilpa Ray - Paisley","2026-04-19T04:38:58.773868+00:00","would_archive",""
"dfd3cca3-a4c6-4d63-a1cd-3e466fc440d2","gid://shopify/Product/10351157215547","Northern Spy Records","The Usaisamonster - RIP","2026-04-19T04:38:58.882461+00:00","would_archive",""
"7ad42478-58c0-4b21-ab33-636cd9bc02b0","gid://shopify/Product/10351157248315","Northern Spy Records","The Usaisamonster - Lost and Found","2026-04-19T04:38:58.988398+00:00","would_archive",""
"b6fcd78c-1fc3-46e5-af91-1291d8aa0d6f","gid://shopify/Product/10351157281083","Northern Spy Records","cloud becomes your hand - Rest In Fleas","2026-04-19T04:38:59.092751+00:00","would_archive",""
"b8b6384b-91ae-4ccb-8b34-acab9c120997","gid://shopify/Product/10351174254907","Northern Spy Records","Northern Spy Records - Potted Iris Longsleeve","2026-04-19T04:39:05.428023+00:00","would_archive",""
"fa820ebc-1d15-499d-ac3c-c7aad88cc1bf","gid://shopify/Product/10351174320443","Northern Spy Records","Shilpa Ray - Paisley","2026-04-19T04:39:05.536229+00:00","would_archive",""
"6730a0bb-1902-438a-9b74-dc979f8a9a43","gid://shopify/Product/10351174353211","Northern Spy Records","The Usaisamonster - RIP","2026-04-19T04:39:05.644193+00:00","would_archive",""
"4e744c7c-62b9-4baa-8b80-abb769256bbf","gid://shopify/Product/10351174385979","Northern Spy Records","The Usaisamonster - Lost and Found","2026-04-19T04:39:05.746394+00:00","would_archive",""
"32aefbca-4d98-489b-9d9a-33931dabd16f","gid://shopify/Product/10351174418747","Northern Spy Records","cloud becomes your hand - Rest In Fleas","2026-04-19T04:39:05.857854+00:00","would_archive",""
"17c3ff0d-64e0-40ef-a2de-5260703c5792","gid://shopify/Product/10351520448827","Northern Spy Records","The Usaisamonster - RIP","2026-04-19T04:39:06.030087+00:00","would_archive",""
"6f2b8bc9-1acd-4115-a59a-0086c221c7da","gid://shopify/Product/10351175139643","Northern Spy Records","Northern Spy Records - Potted Iris Longsleeve","2026-04-19T04:39:06.244174+00:00","would_archive",""
"cc07b774-1e7f-4b09-9189-90edb970e5a0","gid://shopify/Product/10351175172411","Northern Spy Records","Northern Spy Records - Nipomo","2026-04-19T04:39:06.944655+00:00","would_archive",""
"77458fab-20d1-48a8-b24e-86e3e12b34a1","gid://shopify/Product/10351175205179","Northern Spy Records","Shilpa Ray - Paisley","2026-04-19T04:39:07.044687+00:00","would_archive",""
"af921ef6-8bf0-4beb-b056-2254f3cbd6d0","gid://shopify/Product/10351175237947","Northern Spy Records","The Usaisamonster - RIP","2026-04-19T04:39:07.145584+00:00","would_archive",""
"6d2b2c79-6531-4130-8bfd-86a8da592188","gid://shopify/Product/10351175336251","Northern Spy Records","cloud becomes your hand - Rest In Fleas","2026-04-19T04:39:07.261862+00:00","would_archive",""
"e2d6e9b4-07c6-4043-b575-f9fba4fd6639","gid://shopify/Product/10351175270715","Northern Spy Records","The Usaisamonster - Lost and Found","2026-04-19T04:39:07.385578+00:00","would_archive",""
"be66a78d-57bb-4712-9080-f8484f04d237","gid://shopify/Product/10351192506683","Northern Spy Records","Northern Spy Records - Nipomo","2026-04-19T04:39:11.45089+00:00","would_archive",""
"02ca6c05-78bc-44ba-bd98-2cde89b0f0df","gid://shopify/Product/10351192473915","Northern Spy Records","Northern Spy Records - Potted Iris Longsleeve","2026-04-19T04:39:11.564644+00:00","would_archive",""
"9f4ab556-6658-4bf5-b5d1-cbb101ffe49a","gid://shopify/Product/10351192572219","Northern Spy Records","Shilpa Ray - Paisley","2026-04-19T04:39:11.672827+00:00","would_archive",""
"e69aa36a-b988-41a0-8a63-ae0af375dc6a","gid://shopify/Product/10351192604987","Northern Spy Records","The Usaisamonster - RIP","2026-04-19T04:39:11.779772+00:00","would_archive",""
"27ac11d6-7cbf-4ce2-8455-352f305d4ae0","gid://shopify/Product/10351192637755","Northern Spy Records","The Usaisamonster - Lost and Found","2026-04-19T04:39:11.917917+00:00","would_archive",""
"a3403d9e-3f60-4a5d-bb2a-b7d01cd92ac8","gid://shopify/Product/10351192670523","Northern Spy Records","cloud becomes your hand - Rest In Fleas","2026-04-19T04:39:12.018008+00:00","would_archive",""
"c4797904-ee0e-4413-9e05-5ffc03cdfd4c","gid://shopify/Product/10351195128123","Northern Spy Records","Northern Spy Records - Potted Iris Longsleeve","2026-04-19T04:39:14.149067+00:00","would_archive",""
"de5482c2-e7a8-42f6-bcee-8511d6f9f745","gid://shopify/Product/10351195193659","Northern Spy Records","Northern Spy Records - Nipomo","2026-04-19T04:39:14.253325+00:00","would_archive",""
"c3ca317e-5778-4b9b-885d-a51f354774ec","gid://shopify/Product/10351195226427","Northern Spy Records","Shilpa Ray - Paisley","2026-04-19T04:39:14.345026+00:00","would_archive",""
"ec6c5b4b-fd4c-4b65-bd6a-bab416c73ab8","gid://shopify/Product/10351195259195","Northern Spy Records","The Usaisamonster - RIP","2026-04-19T04:39:14.451268+00:00","would_archive",""
"898d6562-fb34-4cba-b337-d7d218c2010f","gid://shopify/Product/10351195324731","Northern Spy Records","The Usaisamonster - Lost and Found","2026-04-19T04:39:14.555321+00:00","would_archive",""
"180a6ccb-f19e-4396-bcb6-611e04275541","gid://shopify/Product/10351195357499","Northern Spy Records","cloud becomes your hand - Rest In Fleas","2026-04-19T04:39:14.685664+00:00","would_archive",""
"7e9c1527-6745-4de0-9bc5-5de7ba56c6f2","gid://shopify/Product/10351208366395","Northern Spy Records","Northern Spy Records - Potted Iris Longsleeve","2026-04-19T04:39:18.215882+00:00","would_archive",""
"c020f787-fd33-4b2f-a9b9-782cdf74cacd","gid://shopify/Product/10351208431931","Northern Spy Records","Northern Spy Records - Nipomo","2026-04-19T04:39:18.448004+00:00","would_archive",""
"0dffe6bc-1aa2-44c3-a74e-c12498a6fc75","gid://shopify/Product/10351208530235","Northern Spy Records","Shilpa Ray - Paisley","2026-04-19T04:39:18.697264+00:00","would_archive",""
"b32e98f0-6849-433a-9caa-8f90211ad6aa","gid://shopify/Product/10351208595771","Northern Spy Records","The Usaisamonster - RIP","2026-04-19T04:39:18.903334+00:00","would_archive",""
"f89415a0-078d-4b3d-a55c-039b5520da7a","gid://shopify/Product/10351208661307","Northern Spy Records","The Usaisamonster - Lost and Found","2026-04-19T04:39:19.114863+00:00","would_archive",""
"22a094d2-8241-4494-b562-6cc250625502","gid://shopify/Product/10351208694075","Northern Spy Records","cloud becomes your hand - Rest In Fleas","2026-04-19T04:39:19.234411+00:00","would_archive",""
"0fe0ea6f-2b00-476c-8097-ed141d8720f1","gid://shopify/Product/10351209546043","Northern Spy Records","Northern Spy Records - Nipomo","2026-04-19T04:39:19.568353+00:00","would_archive",""
"c8740ba6-77b3-442a-b5b7-90cf8f52c2d2","gid://shopify/Product/10351209513275","Northern Spy Records","Northern Spy Records - Potted Iris Longsleeve","2026-04-19T04:39:19.684969+00:00","would_archive",""
"2a08a805-6f1b-4b97-81fa-bab6eb71ecf1","gid://shopify/Product/10351209578811","Northern Spy Records","Shilpa Ray - Paisley","2026-04-19T04:39:19.788902+00:00","would_archive",""
"19bf415d-5768-46ef-bf45-cbe8bb05fe5e","gid://shopify/Product/10351209611579","Northern Spy Records","The Usaisamonster - RIP","2026-04-19T04:39:19.8858+00:00","would_archive",""
"6eca2cac-f7df-4b64-971b-0767e5492d35","gid://shopify/Product/10351209644347","Northern Spy Records","The Usaisamonster - Lost and Found","2026-04-19T04:39:19.987226+00:00","would_archive",""
"5409d906-c492-40c4-9d77-f530d5399e9c","gid://shopify/Product/10351209709883","Northern Spy Records","cloud becomes your hand - Rest In Fleas","2026-04-19T04:39:20.092187+00:00","would_archive",""
"4ed57600-3dd8-4643-a66d-b97ec1ddcb9c","gid://shopify/Product/10351224750395","Northern Spy Records","Northern Spy Records - Potted Iris Longsleeve","2026-04-19T04:39:24.333642+00:00","would_archive",""
"a5343792-5d11-4fca-9faa-24a8685248ab","gid://shopify/Product/10351224783163","Northern Spy Records","Northern Spy Records - Nipomo","2026-04-19T04:39:24.444391+00:00","would_archive",""
"e20aff82-d1b3-4ef6-8199-8b454d00fe21","gid://shopify/Product/10351224848699","Northern Spy Records","Shilpa Ray - Paisley","2026-04-19T04:39:24.562858+00:00","would_archive",""
"9c4ca660-3f12-44bf-949b-6b323bebec9f","gid://shopify/Product/10351224881467","Northern Spy Records","The Usaisamonster - RIP","2026-04-19T04:39:24.670954+00:00","would_archive",""
"c9f55c7e-d550-4c30-9b6c-dab494e5195f","gid://shopify/Product/10351224914235","Northern Spy Records","The Usaisamonster - Lost and Found","2026-04-19T04:39:25.470916+00:00","would_archive",""
"c69ec22b-d905-434e-8234-69aa75c197d8","gid://shopify/Product/10351224947003","Northern Spy Records","cloud becomes your hand - Rest In Fleas","2026-04-19T04:39:25.592966+00:00","would_archive",""
"22d92539-1025-4bd0-85be-139d81cca432","gid://shopify/Product/10351225143611","Northern Spy Records","Northern Spy Records - Potted Iris Longsleeve","2026-04-19T04:39:25.694056+00:00","would_archive",""
"35bd1ce0-26e4-4142-9a97-2e73b52f32fd","gid://shopify/Product/10351225209147","Northern Spy Records","Northern Spy Records - Nipomo","2026-04-19T04:39:25.902455+00:00","would_archive",""
"eb1b5c48-71b0-4646-b26e-fbb8bd02d7f3","gid://shopify/Product/10351225241915","Northern Spy Records","Shilpa Ray - Paisley","2026-04-19T04:39:26.027381+00:00","would_archive",""
"83e4dffa-a950-4e3b-800f-44c5d6120c9f","gid://shopify/Product/10351225307451","Northern Spy Records","The Usaisamonster - RIP","2026-04-19T04:39:26.129411+00:00","would_archive",""
"4207cbb8-2b03-427b-b791-0ac1e3b5f813","gid://shopify/Product/10351225340219","Northern Spy Records","The Usaisamonster - Lost and Found","2026-04-19T04:39:26.248311+00:00","would_archive",""
"e3397dd5-48dc-4944-bd1e-9bcc1dda9c76","gid://shopify/Product/10351225372987","Northern Spy Records","cloud becomes your hand - Rest In Fleas","2026-04-19T04:39:26.412225+00:00","would_archive",""
"14389ab8-1eef-4dc7-a335-0c979e65ba05","gid://shopify/Product/10351551545659","Northern Spy Records","Northern Spy Records - Potted Iris Longsleeve","2026-04-19T04:39:26.678835+00:00","would_archive",""
"2a4a5448-3220-4ab0-9da1-4bc120e640eb","gid://shopify/Product/10351551709499","Northern Spy Records","cloud becomes your hand - Rest In Fleas","2026-04-19T04:39:26.782417+00:00","would_archive",""
"7e64ca4f-88d5-48a5-a39f-1b13185127ec","gid://shopify/Product/10351241003323","Northern Spy Records","Northern Spy Records - Potted Iris Longsleeve","2026-04-19T04:39:29.920144+00:00","would_archive",""
"7f6614ad-23c4-4d32-9e3c-015e3fbb6bc5","gid://shopify/Product/10351241036091","Northern Spy Records","Northern Spy Records - Nipomo","2026-04-19T04:39:30.019763+00:00","would_archive",""
"13ac288c-5d67-4f55-a593-eaf23ddeb8bf","gid://shopify/Product/10351241134395","Northern Spy Records","Shilpa Ray - Paisley","2026-04-19T04:39:30.127543+00:00","would_archive",""
"d5b5defd-8a79-4c45-b572-cd21c1c156fa","gid://shopify/Product/10351241167163","Northern Spy Records","The Usaisamonster - RIP","2026-04-19T04:39:30.226485+00:00","would_archive",""
"fc93bfcc-099f-4ee4-a596-d2706a73ea49","gid://shopify/Product/10351241232699","Northern Spy Records","The Usaisamonster - Lost and Found","2026-04-19T04:39:30.334284+00:00","would_archive",""
"07a0fa15-9823-4fb8-927a-28175572de80","gid://shopify/Product/10351241265467","Northern Spy Records","cloud becomes your hand - Rest In Fleas","2026-04-19T04:39:30.432558+00:00","would_archive",""
"77fb27ee-8997-4afc-8b8a-05242a946d02","gid://shopify/Product/10351241888059","Northern Spy Records","Northern Spy Records - Potted Iris Longsleeve","2026-04-19T04:39:30.650679+00:00","would_archive",""
"582b8bc5-5b5f-4470-9971-b5ca541d5964","gid://shopify/Product/10351241953595","Northern Spy Records","Shilpa Ray - Paisley","2026-04-19T04:39:30.759333+00:00","would_archive",""
"f9ab8609-5c48-4670-a4a4-833fbe6680a9","gid://shopify/Product/10351241986363","Northern Spy Records","The Usaisamonster - RIP","2026-04-19T04:39:30.861495+00:00","would_archive",""
"b388fd8d-066c-40dd-aa7d-03c8c732f3be","gid://shopify/Product/10351242019131","Northern Spy Records","The Usaisamonster - Lost and Found","2026-04-19T04:39:30.960315+00:00","would_archive",""
"79ae16b1-fcfd-460d-943e-cb740c67a312","gid://shopify/Product/10351242051899","Northern Spy Records","cloud becomes your hand - Rest In Fleas","2026-04-19T04:39:31.063452+00:00","would_archive",""
"2495ea73-924f-4178-a84a-a86dc8d51659","gid://shopify/Product/10351259582779","Northern Spy Records","Northern Spy Records - Potted Iris Longsleeve","2026-04-19T04:39:36.828226+00:00","would_archive",""
"158697d9-b62f-40f3-8a72-d2a9930df3b3","gid://shopify/Product/10351259615547","Northern Spy Records","Northern Spy Records - Nipomo","2026-04-19T04:39:36.944042+00:00","would_archive",""
"2717fcc6-bb51-4edd-949a-f672ebc219f3","gid://shopify/Product/10351259681083","Northern Spy Records","Shilpa Ray - Paisley","2026-04-19T04:39:37.066897+00:00","would_archive",""
"024c2316-74e3-4c35-af5e-454de3a45615","gid://shopify/Product/10351259746619","Northern Spy Records","The Usaisamonster - RIP","2026-04-19T04:39:37.184369+00:00","would_archive",""
"09e4567e-08d7-4e3c-9bcd-738a832b6e82","gid://shopify/Product/10351259779387","Northern Spy Records","The Usaisamonster - Lost and Found","2026-04-19T04:39:37.337545+00:00","would_archive",""
"7d8c5b9a-740c-4e64-9dee-6075e984e6cb","gid://shopify/Product/10351259812155","Northern Spy Records","cloud becomes your hand - Rest In Fleas","2026-04-19T04:39:37.482736+00:00","would_archive",""
"88144d21-9a45-409a-9195-5f8320a01e18","gid://shopify/Product/10351260401979","Northern Spy Records","Northern Spy Records - Potted Iris Longsleeve","2026-04-19T04:39:38.25614+00:00","would_archive",""
"f6915da6-6b0b-4b8a-a201-3ee0235b70c1","gid://shopify/Product/10351260434747","Northern Spy Records","Northern Spy Records - Nipomo","2026-04-19T04:39:38.394128+00:00","would_archive",""
"a338dbae-27d9-44fd-9b42-10ddc00e9c38","gid://shopify/Product/10351260467515","Northern Spy Records","Shilpa Ray - Paisley","2026-04-19T04:39:38.518972+00:00","would_archive",""
"33c186be-7260-4f1a-aecd-97fb885107aa","gid://shopify/Product/10351260500283","Northern Spy Records","The Usaisamonster - RIP","2026-04-19T04:39:38.696562+00:00","would_archive",""
"9d330e12-6290-4ada-934e-a62be27d8250","gid://shopify/Product/10351260565819","Northern Spy Records","The Usaisamonster - Lost and Found","2026-04-19T04:39:38.820153+00:00","would_archive",""
"87e92e14-262e-4efc-ab38-99704949ceee","gid://shopify/Product/10351260598587","Northern Spy Records","cloud becomes your hand - Rest In Fleas","2026-04-19T04:39:38.933398+00:00","would_archive",""
"9c983693-603b-4b73-acd3-0d29a48d1555","gid://shopify/Product/10351576351035","Northern Spy Records","Shilpa Ray - Paisley","2026-04-19T04:39:42.258326+00:00","would_archive",""
"8649b4cc-c41e-4748-af72-b278e4cb7ef0","gid://shopify/Product/10351272657211","Northern Spy Records","Northern Spy Records - Potted Iris Longsleeve","2026-04-19T04:39:46.835532+00:00","would_archive",""
"8787a3ab-5930-4f87-9bac-3a513f1e38d2","gid://shopify/Product/10351272689979","Northern Spy Records","Northern Spy Records - Nipomo","2026-04-19T04:39:46.953158+00:00","would_archive",""
"8f592fc7-6770-4f2e-90c3-2cc480d5b973","gid://shopify/Product/10351272722747","Northern Spy Records","Shilpa Ray - Paisley","2026-04-19T04:39:47.063458+00:00","would_archive",""
"6573c5fb-a31f-44af-9e0a-40027e2faa34","gid://shopify/Product/10351272755515","Northern Spy Records","The Usaisamonster - RIP","2026-04-19T04:39:47.182672+00:00","would_archive",""
"7693d722-1b93-4140-98e4-460f063d68cb","gid://shopify/Product/10351272788283","Northern Spy Records","The Usaisamonster - Lost and Found","2026-04-19T04:39:47.318213+00:00","would_archive",""
"51137eaa-cc0a-4546-86b7-d7dfa680fdf6","gid://shopify/Product/10351272821051","Northern Spy Records","cloud becomes your hand - Rest In Fleas","2026-04-19T04:39:47.432458+00:00","would_archive",""
"4032fe04-be4c-4742-bb09-5fc5d5653644","gid://shopify/Product/10351273509179","Northern Spy Records","Northern Spy Records - Potted Iris Longsleeve","2026-04-19T04:39:47.676124+00:00","would_archive",""
"fef1731f-99d8-4072-8ae6-360cd1a85ff8","gid://shopify/Product/10351273541947","Northern Spy Records","Northern Spy Records - Nipomo","2026-04-19T04:39:47.810877+00:00","would_archive",""
"a29c60b2-dccb-45c2-8809-0314b485428b","gid://shopify/Product/10351273607483","Northern Spy Records","Shilpa Ray - Paisley","2026-04-19T04:39:47.940868+00:00","would_archive",""
"71fafde3-7ec9-4d67-9bbc-0bbd42b8759f","gid://shopify/Product/10351273640251","Northern Spy Records","The Usaisamonster - RIP","2026-04-19T04:39:48.087776+00:00","would_archive",""
"05e088e4-c43a-4940-aed1-da49e98de4d3","gid://shopify/Product/10351273673019","Northern Spy Records","The Usaisamonster - Lost and Found","2026-04-19T04:39:48.199379+00:00","would_archive",""
"fc065640-1576-4426-b318-ae8165111329","gid://shopify/Product/10351273705787","Northern Spy Records","cloud becomes your hand - Rest In Fleas","2026-04-19T04:39:48.308215+00:00","would_archive",""
"2b0dd100-c022-477b-8082-8d0dd48141b8","gid://shopify/Product/10351285272891","Northern Spy Records","Northern Spy Records - Potted Iris Longsleeve","2026-04-19T04:39:52.849803+00:00","would_archive",""
"75d62c67-842a-49d4-9cb1-5e8c915465de","gid://shopify/Product/10351285305659","Northern Spy Records","Northern Spy Records - Nipomo","2026-04-19T04:39:52.955838+00:00","would_archive",""
"abbf8d43-9297-4fdf-bd40-ecfcba0aec29","gid://shopify/Product/10351285338427","Northern Spy Records","Shilpa Ray - Paisley","2026-04-19T04:39:53.079445+00:00","would_archive",""
"4213fc29-010b-4e82-af31-b7279f962933","gid://shopify/Product/10351285403963","Northern Spy Records","The Usaisamonster - RIP","2026-04-19T04:39:53.190765+00:00","would_archive",""
"96c0e81a-4ea0-4923-b9f9-e4c6b50654dd","gid://shopify/Product/10351285436731","Northern Spy Records","The Usaisamonster - Lost and Found","2026-04-19T04:39:53.38689+00:00","would_archive",""
"b7bd7717-b9e7-4be1-8e1e-a35a857e26c3","gid://shopify/Product/10351285469499","Northern Spy Records","cloud becomes your hand - Rest In Fleas","2026-04-19T04:39:53.489403+00:00","would_archive",""
"df4357ce-484c-4c0d-802f-b04d2d3f800e","gid://shopify/Product/10351286288699","Northern Spy Records","Northern Spy Records - Potted Iris Longsleeve","2026-04-19T04:39:53.816963+00:00","would_archive",""
"f9185987-835f-44e5-a6a6-2018ecce5fde","gid://shopify/Product/10351286321467","Northern Spy Records","Northern Spy Records - Nipomo","2026-04-19T04:39:53.914068+00:00","would_archive",""
"4e2178a3-1a86-4584-8df5-588148a6dec8","gid://shopify/Product/10351286387003","Northern Spy Records","The Usaisamonster - RIP","2026-04-19T04:39:54.021207+00:00","would_archive",""
"e3272ef1-40cf-4cbd-b331-5f9938357530","gid://shopify/Product/10351286354235","Northern Spy Records","Shilpa Ray - Paisley","2026-04-19T04:39:54.141564+00:00","would_archive",""
"577fd1b4-8e36-4553-ba02-7e71591c83be","gid://shopify/Product/10351286419771","Northern Spy Records","The Usaisamonster - Lost and Found","2026-04-19T04:39:54.252561+00:00","would_archive",""
"2d3d3479-130a-41e6-a42f-0b71a60cd7b9","gid://shopify/Product/10351286452539","Northern Spy Records","cloud becomes your hand - Rest In Fleas","2026-04-19T04:39:54.363341+00:00","would_archive",""
"8e9e15b6-1fec-476e-b818-79be470ba115","gid://shopify/Product/10351304540475","Northern Spy Records","Northern Spy Records - Potted Iris Longsleeve","2026-04-19T04:40:02.574725+00:00","would_archive",""
"9e980588-b1e1-421e-9b7f-638fa0530ee0","gid://shopify/Product/10351304606011","Northern Spy Records","Northern Spy Records - Nipomo","2026-04-19T04:40:02.682761+00:00","would_archive",""
"49c813c2-7f74-42e3-9813-6fc934ef1d83","gid://shopify/Product/10351304638779","Northern Spy Records","Shilpa Ray - Paisley","2026-04-19T04:40:02.807851+00:00","would_archive",""
"4d50ea90-c59c-449b-b2d6-02b41346ce57","gid://shopify/Product/10351304704315","Northern Spy Records","The Usaisamonster - RIP","2026-04-19T04:40:02.939894+00:00","would_archive",""
"a1a043ee-6c36-4b33-a069-2edef5c3ddfc","gid://shopify/Product/10351304737083","Northern Spy Records","The Usaisamonster - Lost and Found","2026-04-19T04:40:03.06002+00:00","would_archive",""
"647af2ba-a993-4790-9e64-f0dcf7a36695","gid://shopify/Product/10351304769851","Northern Spy Records","cloud becomes your hand - Rest In Fleas","2026-04-19T04:40:03.187545+00:00","would_archive",""
"44d4721c-b9c6-4812-be8c-223399e97e4b","gid://shopify/Product/10351305326907","Northern Spy Records","Northern Spy Records - Potted Iris Longsleeve","2026-04-19T04:40:03.374121+00:00","would_archive",""
"b616ad80-f2e9-4c9f-bc19-809646b6bbf9","gid://shopify/Product/10351305392443","Northern Spy Records","Shilpa Ray - Paisley","2026-04-19T04:40:03.491936+00:00","would_archive",""
"a57be28b-a628-4f9b-b199-2587f1caf115","gid://shopify/Product/10351305457979","Northern Spy Records","The Usaisamonster - RIP","2026-04-19T04:40:03.610243+00:00","would_archive",""
"b126f250-40c0-4d06-b022-05a4434682e7","gid://shopify/Product/10351305523515","Northern Spy Records","The Usaisamonster - Lost and Found","2026-04-19T04:40:03.736689+00:00","would_archive",""
"38dce131-2354-47d5-9c93-fca6074a5463","gid://shopify/Product/10351305556283","Northern Spy Records","cloud becomes your hand - Rest In Fleas","2026-04-19T04:40:03.861401+00:00","would_archive",""
"98201c82-b4bc-4d4a-97d9-6da2fb7dee39","gid://shopify/Product/10351314370875","Northern Spy Records","Northern Spy Records - Potted Iris Longsleeve","2026-04-19T04:40:07.271814+00:00","would_archive",""
"af6d7d86-6b62-449e-9a8f-156293956d8b","gid://shopify/Product/10351314436411","Northern Spy Records","Shilpa Ray - Paisley","2026-04-19T04:40:07.522185+00:00","would_archive",""
"d9f6fe87-2c86-45fb-97a9-d076683ca1ee","gid://shopify/Product/10351314469179","Northern Spy Records","The Usaisamonster - RIP","2026-04-19T04:40:07.627112+00:00","would_archive",""
"364cf263-b49e-4dcd-be6a-da07772efd80","gid://shopify/Product/10351314501947","Northern Spy Records","The Usaisamonster - Lost and Found","2026-04-19T04:40:07.740708+00:00","would_archive",""
"ffc4d575-88c9-4f98-9710-594bdeda521f","gid://shopify/Product/10351314534715","Northern Spy Records","cloud becomes your hand - Rest In Fleas","2026-04-19T04:40:07.865958+00:00","would_archive",""
